日期,类型,一级分类,二级分类,金额,币种,关联账户1,关联账户2,备注
2026-06-21,支出,餐饮,,19.1,CNY,,,
2026-06-21,支出,餐饮,,26.0,CNY,,,
2026-06-20,支出,零食,,39.0,CNY,,,绿豆汤
2026-06-20,支出,餐饮,,78.4,CNY,,,
2026-06-20,支出,零食,,74.53,CNY,,,牛肉干
2026-06-20,支出,餐饮,,19.1,CNY,,,
2026-06-19,支出,餐饮,,15.0,CNY,,,
2026-06-19,支出,买菜,,123.5,CNY,,,
2026-06-19,支出,餐饮,,23.55,CNY,,,
2026-06-18,支出,餐饮,,24.17,CNY,,,
2026-06-18,支出,餐饮,,31.0,CNY,,,
2026-06-18,支出,餐饮,,12.0,CNY,,,
2026-06-18,支出,餐饮,,14.5,CNY,,,
2026-06-17,支出,餐饮,,41.17,CNY,,,
2026-06-17,支出,餐饮,,10.0,CNY,,,
2026-06-16,收入,奖金,,200.0,CNY,,,
2026-06-16,支出,餐饮,,16.0,CNY,,,
2026-06-16,支出,餐饮,,10.0,CNY,,,
2026-06-16,支出,餐饮,,19.5,CNY,,,
2026-06-15,支出,餐饮,,15.0,CNY,,,
2026-06-15,支出,餐饮,,10.0,CNY,,,
2026-06-15,支出,餐饮,,14.6,CNY,,,
2026-06-15,支出,交通,,13.0,CNY,,,打车
2026-06-14,支出,餐饮,,37.0,CNY,,,
2026-06-14,支出,餐饮,,35.0,CNY,,,
2026-06-14,支出,餐饮,,52.0,CNY,,,
2026-06-14,支出,餐饮,,34.0,CNY,,,
2026-06-14,支出,购物,,16.0,CNY,,,表带
2026-06-13,支出,餐饮,,20.28,CNY,,,
2026-06-13,支出,餐饮,,15.6,CNY,,,
2026-06-12,支出,餐饮,,10.0,CNY,,,
2026-06-11,支出,人情,,300.0,CNY,,,紫阳
2026-06-11,支出,餐饮,,20.0,CNY,,,
2026-06-11,支出,餐饮,,15.3,CNY,,,
2026-06-10,支出,零食,,180.0,CNY,,,蛋糕
2026-06-10,支出,餐饮,,28.0,CNY,,,
2026-06-10,支出,餐饮,,16.5,CNY,,,
2026-06-09,支出,购物,,9.9,CNY,,,书
2026-06-09,收入,工资,,8900.0,CNY,,,
2026-06-09,收入,工资,,9800.0,CNY,,,
2026-06-09,支出,购物,,141.0,CNY,,,玩偶
2026-06-09,支出,餐饮,,20.0,CNY,,,
2026-06-09,支出,人情,,200.0,CNY,,,梦琪
2026-06-09,支出,餐饮,,22.0,CNY,,,
2026-06-08,支出,餐饮,,17.2,CNY,,,
2026-06-08,支出,餐饮,,28.0,CNY,,,
2026-06-07,支出,餐饮,,20.0,CNY,,,
2026-06-07,支出,购物,,9.9,CNY,,,刮腋毛
2026-06-07,支出,购物,,4.9,CNY,,,洗手台拖把
2026-06-07,支出,购物,,14.9,CNY,,,马桶垫
2026-06-07,支出,餐饮,,14.0,CNY,,,
2026-06-07,支出,交通,,1.8,CNY,,,骑车
2026-06-06,支出,餐饮,,21.0,CNY,,,
2026-06-06,支出,买菜,,93.0,CNY,,,
2026-06-05,支出,餐饮,,23.0,CNY,,,
2026-06-05,支出,娱乐,,55.0,CNY,,,花
2026-06-05,支出,餐饮,,44.0,CNY,,,
2026-06-05,支出,餐饮,,22.0,CNY,,,
2026-06-04,支出,餐饮,,9.13,CNY,,,
2026-06-04,支出,餐饮,,17.4,CNY,,,
2026-06-03,支出,餐饮,,60.0,CNY,,,
2026-06-03,支出,餐饮,,10.0,CNY,,,
2026-06-03,支出,餐饮,,16.6,CNY,,,
2026-06-02,支出,购物,,225.0,CNY,,,鞋
2026-06-02,支出,购物,,315.8,CNY,,,短袖
2026-06-02,支出,购物,,84.0,CNY,,,内裤
2026-06-02,支出,购物,,90.26,CNY,,,洗面奶
2026-06-02,支出,购物,,245.47,CNY,,,防晒
2026-06-02,支出,购物,,27.43,CNY,,,试纸
2026-06-02,支出,汽车,,206.0,CNY,,,油
2026-06-02,支出,餐饮,,10.0,CNY,,,
2026-06-02,支出,餐饮,,16.5,CNY,,,
2026-06-02,收入,兼职,,15.0,CNY,,,
2026-06-01,支出,餐饮,,30.0,CNY,,,
2026-06-01,支出,餐饮,,10.0,CNY,,,
2026-06-01,支出,餐饮,,18.5,CNY,,,
2026-06-01,支出,住房,,20.0,CNY,,,电费
2026-05-31,支出,餐饮,,20.0,CNY,,,
2026-05-31,支出,餐饮,,25.0,CNY,,,
2026-05-30,收入,兼职,,15.0,CNY,,,
2026-05-30,支出,餐饮,,40.0,CNY,,,
2026-05-30,支出,餐饮,,0.0,CNY,,,
2026-05-30,支出,购物,,77.0,CNY,,,防晒服
2026-05-30,支出,购物,,120.0,CNY,,,洗发水
2026-05-30,支出,购物,,172.0,CNY,,,内衣
2026-05-30,支出,交通,,20.0,CNY,,,地铁
2026-05-30,支出,餐饮,,17.76,CNY,,,
2026-05-30,支出,餐饮,,18.0,CNY,,,
2026-05-29,支出,住房,,61.38,CNY,,,水
2026-05-29,支出,购物,,10.0,CNY,,,枣子
2026-05-29,支出,购物,,20.0,CNY,,,沙琪玛
2026-05-29,支出,购物,,9.6,CNY,,,紫薯
2026-05-29,支出,购物,,13.9,CNY,,,饼
2026-05-29,支出,购物,,35.8,CNY,,,面包
2026-05-29,支出,购物,,84.0,CNY,,,内裤
2026-05-29,支出,购物,,48.0,CNY,,,瑜伽裤
2026-05-29,支出,购物,,40.5,CNY,,,背心
2026-05-29,支出,购物,,34.77,CNY,,,压力袜
2026-05-29,支出,汽车,,4390.0,CNY,,,保险
2026-05-29,支出,餐饮,,28.0,CNY,,,
2026-05-29,支出,餐饮,,12.0,CNY,,,
2026-05-29,支出,餐饮,,9.0,CNY,,,
2026-05-28,支出,购物,,15.0,CNY,,,拉筋板
2026-05-28,支出,购物,,8.0,CNY,,,哑铃
2026-05-28,支出,餐饮,,127.0,CNY,,,
2026-05-28,支出,餐饮,,10.5,CNY,,,
2026-05-28,支出,餐饮,,15.0,CNY,,,
2026-05-27,支出,餐饮,,18.0,CNY,,,
2026-05-27,支出,餐饮,,22.0,CNY,,,
2026-05-27,支出,餐饮,,16.18,CNY,,,
2026-05-26,收入,兼职,,15.0,CNY,,,
2026-05-26,支出,交通,,120.0,CNY,,,车胎
2026-05-26,支出,餐饮,,18.0,CNY,,,
2026-05-26,支出,餐饮,,30.0,CNY,,,
2026-05-25,支出,购物,,21.2,CNY,,,手机壳
2026-05-25,支出,水果,,25.8,CNY,,,
2026-05-25,支出,餐饮,,56.0,CNY,,,
2026-05-25,支出,餐饮,,10.0,CNY,,,
2026-05-25,支出,餐饮,,20.0,CNY,,,
2026-05-24,支出,购物,,158.0,CNY,,,
2026-05-24,收入,兼职,,15.0,CNY,,,
2026-05-24,支出,人情,,10.0,CNY,,,花
2026-05-24,支出,买菜,,88.2,CNY,,,
2026-05-24,支出,餐饮,,22.0,CNY,,,
2026-05-24,支出,水果,,21.0,CNY,,,西瓜
2026-05-23,支出,餐饮,,18.3,CNY,,,
2026-05-23,支出,餐饮,,17.3,CNY,,,
2026-05-22,支出,餐饮,,22.0,CNY,,,
2026-05-22,支出,餐饮,,10.0,CNY,,,
2026-05-22,支出,餐饮,,24.4,CNY,,,
2026-05-21,支出,交通,,40.0,CNY,,,充电
2026-05-21,支出,零食,,50.0,CNY,,,奶茶
2026-05-21,支出,餐饮,,26.0,CNY,,,
2026-05-21,支出,餐饮,,10.0,CNY,,,
2026-05-21,支出,餐饮,,17.0,CNY,,,
2026-05-20,支出,餐饮,,56.0,CNY,,,
2026-05-20,支出,餐饮,,20.0,CNY,,,
2026-05-20,支出,餐饮,,10.0,CNY,,,
2026-05-20,支出,餐饮,,20.0,CNY,,,
2026-05-20,支出,餐饮,,17.4,CNY,,,
2026-05-19,支出,餐饮,,67.0,CNY,,,
2026-05-19,支出,餐饮,,32.0,CNY,,,
2026-05-18,收入,兼职,,30.0,CNY,,,
2026-05-18,支出,餐饮,,20.0,CNY,,,
2026-05-18,支出,餐饮,,10.0,CNY,,,
2026-05-18,支出,餐饮,,24.0,CNY,,,
2026-05-17,支出,餐饮,,16.5,CNY,,,
2026-05-17,支出,餐饮,,18.76,CNY,,,
2026-05-17,支出,餐饮,,18.4,CNY,,,
2026-05-17,支出,购物,,5.0,CNY,,,表带⭕️
2026-05-17,支出,餐饮,,33.71,CNY,,,
2026-05-16,支出,餐饮,,97.0,CNY,,,
2026-05-15,支出,餐饮,,12.0,CNY,,,
2026-05-15,支出,餐饮,,19.0,CNY,,,
2026-05-14,支出,餐饮,,24.3,CNY,,,
2026-05-14,支出,零食,,5.0,CNY,,,饮料
2026-05-14,支出,餐饮,,17.0,CNY,,,
2026-05-14,支出,交通,,27.0,CNY,,,打车
2026-05-13,支出,水果,,50.0,CNY,,,蓝莓
2026-05-13,支出,零食,,6.0,CNY,,,冰淇淋
2026-05-13,支出,餐饮,,10.0,CNY,,,
2026-05-13,支出,餐饮,,20.0,CNY,,,
2026-05-12,支出,餐饮,,10.0,CNY,,,
2026-05-12,支出,餐饮,,20.0,CNY,,,
2026-05-11,支出,餐饮,,10.0,CNY,,,
2026-05-11,支出,餐饮,,21.3,CNY,,,
2026-05-10,支出,人情,,500.0,CNY,,,母亲节
2026-05-10,支出,人情,,500.0,CNY,,,母亲节
2026-05-10,支出,餐饮,,10.0,CNY,,,
2026-05-10,支出,餐饮,,10.0,CNY,,,
2026-05-10,支出,餐饮,,14.0,CNY,,,
2026-05-10,支出,购物,,180.8,CNY,,,套
2026-05-10,支出,零食,,5.5,CNY,,,饮料
2026-05-10,支出,交通,,10.0,CNY,,,地铁
2026-05-10,支出,餐饮,,65.0,CNY,,,
2026-05-10,支出,零食,,20.0,CNY,,,果茶
2026-05-10,支出,购物,,30.0,CNY,,,鞋垫
2026-05-09,收入,工资,,9862.0,CNY,,,
2026-05-09,收入,工资,,9883.0,CNY,,,
2026-05-09,支出,餐饮,,20.0,CNY,,,
2026-05-09,支出,交通,,16.2,CNY,,,打车
2026-05-08,收入,兼职,,15.0,CNY,,,
2026-05-08,收入,兼职,,15.0,CNY,,,
2026-05-08,支出,餐饮,,15.0,CNY,,,
2026-05-08,支出,餐饮,,10.0,CNY,,,
2026-05-08,支出,餐饮,,20.0,CNY,,,
2026-05-08,支出,餐饮,,10.0,CNY,,,
2026-05-08,支出,餐饮,,22.0,CNY,,,
2026-05-07,支出,住房,,11.0,CNY,,,电费
2026-05-07,支出,餐饮,,10.0,CNY,,,
2026-05-07,支出,餐饮,,22.4,CNY,,,
2026-05-06,支出,买菜,,74.0,CNY,,,
2026-05-06,支出,餐饮,,10.0,CNY,,,
2026-05-06,支出,餐饮,,20.0,CNY,,,
2026-05-05,支出,水果,,154.0,CNY,,,榴莲
2026-05-05,收入,兼职,,20.0,CNY,,,
2026-05-05,支出,购物,,20.0,CNY,,,deepseek
2026-05-04,支出,买菜,,130.0,CNY,,,
2026-05-03,支出,人情,,1068.0,CNY,,,姚辉
2026-05-03,支出,住房,,390.0,CNY,,,饮用水
2026-05-03,支出,买菜,,410.0,CNY,,,
2026-05-03,收入,兼职,,15.0,CNY,,,
2026-05-02,支出,零食,,11.2,CNY,,,奶茶
2026-05-02,支出,零食,,133.3,CNY,,,蛋糕
2026-05-01,支出,餐饮,,154.0,CNY,,,鸡爪煲
2026-05-01,支出,零食,,11.4,CNY,,,蜜雪
2026-05-01,支出,餐饮,,65.0,CNY,,,鸭货
2026-05-01,支出,美容,,50.0,CNY,,,剪头发
2026-05-01,支出,餐饮,,110.0,CNY,,,
2026-05-01,支出,零食,,12.0,CNY,,,冰淇淋
2026-05-01,支出,住房,,20.0,CNY,,,电费
2026-05-01,支出,餐饮,,200.0,CNY,,,
2026-05-01,支出,零食,,7.4,CNY,,,库迪
2026-05-01,支出,交通,,10.0,CNY,,,地铁
2026-04-30,支出,交通,,18.0,CNY,,,高铁票
2026-04-30,支出,餐饮,,40.0,CNY,,,
2026-04-30,支出,餐饮,,10.0,CNY,,,
2026-04-30,支出,餐饮,,22.8,CNY,,,
2026-04-29,支出,餐饮,,50.0,CNY,,,
2026-04-29,支出,餐饮,,10.0,CNY,,,
2026-04-28,收入,兼职,,15.0,CNY,,,
2026-04-28,支出,餐饮,,10.0,CNY,,,
2026-04-27,支出,餐饮,,10.0,CNY,,,
2026-04-26,支出,购物,,10.0,CNY,,,金果条
2026-04-26,支出,餐饮,,34.16,CNY,,,
2026-04-25,支出,餐饮,,9.0,CNY,,,
2026-04-25,支出,零食,,7.0,CNY,,,饮料
2026-04-25,支出,餐饮,,10.0,CNY,,,
2026-04-25,支出,餐饮,,18.4,CNY,,,
2026-04-25,支出,餐饮,,16.1,CNY,,,
2026-04-23,收入,兼职,,15.0,CNY,,,
2026-04-23,收入,兼职,,15.0,CNY,,,
2026-04-23,支出,购物,,58.56,CNY,,,零食
2026-04-23,支出,购物,,302.7,CNY,,,裤子
2026-04-23,支出,购物,,209.38,CNY,,,裤子
2026-04-23,支出,购物,,350.89,CNY,,,鞋
2026-04-23,支出,购物,,342.62,CNY,,,卫衣
2026-04-23,支出,购物,,133.57,CNY,,,皮衣
2026-04-23,支出,购物,,77.23,CNY,,,袜子
2026-04-23,支出,餐饮,,12.0,CNY,,,
2026-04-22,支出,买菜,,80.0,CNY,,,
2026-04-22,支出,交通,,40.0,CNY,,,电瓶车
2026-04-22,支出,购物,,12.0,CNY,,,姨妈巾
2026-04-22,支出,餐饮,,10.0,CNY,,,
2026-04-22,支出,住房,,5.0,CNY,,,电
2026-04-22,支出,住房,,68.2,CNY,,,水
2026-04-22,支出,住房,,70.5,CNY,,,燃气
2026-04-21,收入,兼职,,15.0,CNY,,,
2026-04-21,支出,餐饮,,14.37,CNY,,,
2026-04-21,支出,餐饮,,10.0,CNY,,,
2026-04-20,支出,餐饮,,10.0,CNY,,,
2026-04-20,支出,餐饮,,10.0,CNY,,,
2026-04-20,支出,餐饮,,15.38,CNY,,,
2026-04-20,支出,零食,,26.0,CNY,,,面包
2026-04-20,支出,餐饮,,10.0,CNY,,,
2026-04-19,支出,餐饮,,28.36,CNY,,,
2026-04-18,支出,餐饮,,16.0,CNY,,,
2026-04-18,支出,餐饮,,7.0,CNY,,,
2026-04-18,支出,餐饮,,11.0,CNY,,,
2026-04-18,支出,餐饮,,6.0,CNY,,,
2026-04-18,支出,餐饮,,26.0,CNY,,,
2026-04-18,支出,汽车,,200.0,CNY,,,油
2026-04-18,支出,零食,,2.0,CNY,,,冰淇淋
2026-04-18,支出,餐饮,,15.0,CNY,,,
2026-04-17,支出,购物,,20.8,CNY,,,零食
2026-04-17,支出,餐饮,,10.0,CNY,,,
2026-04-16,支出,餐饮,,13.0,CNY,,,
2026-04-16,支出,餐饮,,10.0,CNY,,,
2026-04-16,支出,餐饮,,10.0,CNY,,,
2026-04-15,支出,餐饮,,10.0,CNY,,,
2026-04-15,支出,餐饮,,22.22,CNY,,,
2026-04-14,支出,买菜,,9.66,CNY,,,
2026-04-14,支出,餐饮,,22.0,CNY,,,
2026-04-13,收入,兼职,,20.0,CNY,,,
2026-04-13,支出,餐饮,,10.0,CNY,,,
2026-04-12,支出,汽车,,25.0,CNY,,,高速
2026-04-12,支出,人情,,57.0,CNY,,,海洋水果
2026-04-11,支出,水果,,32.0,CNY,,,小番茄
2026-04-11,支出,餐饮,,9.5,CNY,,,
2026-04-11,支出,买菜,,74.86,CNY,,,
2026-04-10,支出,交通,,20.87,CNY,,,打车
2026-04-10,收入,投资,,40.0,CNY,,,刮彩票
2026-04-09,支出,人情,,105.0,CNY,,,奶粉
2026-04-09,收入,工资,,12590.0,CNY,,,
2026-04-09,支出,餐饮,,10.0,CNY,,,
2026-04-09,支出,人情,,135.0,CNY,,,同事
2026-04-08,支出,餐饮,,46.0,CNY,,,
2026-04-07,支出,汽车,,15.0,CNY,,,停车
2026-04-07,支出,餐饮,,10.0,CNY,,,
2026-04-06,支出,零食,,13.6,CNY,,,奶茶
2026-04-06,支出,零食,,19.5,CNY,,,奶茶
2026-04-06,支出,购物,,10.0,CNY,,,文件袋
2026-04-06,支出,买菜,,139.45,CNY,,,
2026-04-06,支出,购物,,1.0,CNY,,,好车主
2026-04-06,支出,人情,,20.2,CNY,,,奶茶
2026-04-05,支出,餐饮,,32.0,CNY,,,
2026-04-05,支出,买菜,,130.0,CNY,,,
2026-04-04,支出,购物,,15.9,CNY,,,钢化膜
2026-04-04,支出,汽车,,240.0,CNY,,,油
2026-04-04,支出,零食,,3.0,CNY,,,水
2026-04-04,支出,美容,,23.0,CNY,,,剪发
2026-04-04,支出,零食,,5.0,CNY,,,饮料
2026-04-04,支出,餐饮,,26.0,CNY,,,
2026-04-04,支出,餐饮,,30.0,CNY,,,牛肉汤
2026-04-04,支出,汽车,,33.0,CNY,,,洗车
2026-04-04,收入,兼职,,20.0,CNY,,,
2026-04-03,支出,餐饮,,18.0,CNY,,,
2026-04-03,支出,餐饮,,17.0,CNY,,,
2026-04-02,支出,购物,,67.62,CNY,,,酸奶
2026-04-01,支出,餐饮,,10.0,CNY,,,
2026-03-31,支出,购物,,9.68,CNY,,,耗油
2026-03-31,支出,水果,,25.02,CNY,,,
2026-03-31,支出,水果,,12.88,CNY,,,
2026-03-31,支出,餐饮,,10.0,CNY,,,
2026-03-30,支出,餐饮,,12.0,CNY,,,
2026-03-29,支出,购物,,23.6,CNY,,,🐻贴
2026-03-27,支出,餐饮,,20.0,CNY,,,
2026-03-27,支出,买菜,,100.0,CNY,,,
2026-03-27,支出,餐饮,,10.0,CNY,,,
2026-03-26,支出,餐饮,,15.9,CNY,,,
2026-03-26,支出,购物,,17.5,CNY,,,
2026-03-26,支出,购物,,100.0,CNY,,,酸奶
2026-03-26,支出,娱乐,,100.0,CNY,,,鼓浪屿门票
2026-03-26,支出,购物,,200.0,CNY,,,茶饼
2026-03-26,支出,餐饮,,5.0,CNY,,,
2026-03-25,支出,零食,,5.0,CNY,,,饮料
2026-03-25,支出,娱乐,,55.0,CNY,,,船票，鼓浪屿
2026-03-25,支出,餐饮,,10.0,CNY,,,
2026-03-25,支出,餐饮,,5.0,CNY,,,
2026-03-24,支出,餐饮,,9.9,CNY,,,
2026-03-24,支出,餐饮,,20.0,CNY,,,
2026-03-24,支出,餐饮,,15.0,CNY,,,
2026-03-24,支出,餐饮,,10.0,CNY,,,
2026-03-23,支出,购物,,70.0,CNY,,,小鱼
2026-03-23,支出,娱乐,,10.0,CNY,,,冰箱贴
2026-03-23,支出,餐饮,,10.0,CNY,,,
2026-03-21,支出,买菜,,79.0,CNY,,,
2026-03-21,支出,住房,,20.0,CNY,,,电费
2026-03-20,支出,餐饮,,25.0,CNY,,,
2026-03-20,支出,住房,,15.0,CNY,,,电费
2026-03-20,支出,餐饮,,10.0,CNY,,,
2026-03-20,支出,餐饮,,7.5,CNY,,,
2026-03-19,支出,餐饮,,62.0,CNY,,,周黑鸭+买零食
2026-03-19,支出,买菜,,10.75,CNY,,,辣椒
2026-03-19,支出,餐饮,,10.0,CNY,,,
2026-03-19,支出,购物,,56.0,CNY,,,牛奶
2026-03-18,支出,购物,,20.8,CNY,,,魔芋爽
2026-03-18,支出,买菜,,20.9,CNY,,,
2026-03-18,支出,购物,,19.4,CNY,,,咸鸭蛋
2026-03-18,收入,兼职,,20.0,CNY,,,
2026-03-18,支出,餐饮,,20.0,CNY,,,
2026-03-17,支出,购物,,67.5,CNY,,,衣服
2026-03-17,支出,购物,,28.41,CNY,,,内衣
2026-03-17,支出,买菜,,47.26,CNY,,,
2026-03-17,支出,餐饮,,10.0,CNY,,,
2026-03-16,支出,买菜,,9.95,CNY,,,13香
2026-03-16,支出,买菜,,8.4,CNY,,,料酒
2026-03-16,支出,人情,,73.08,CNY,,,椅子
2026-03-16,支出,购物,,49.9,CNY,,,衣服
2026-03-16,支出,购物,,391.0,CNY,,,风衣
2026-03-16,支出,餐饮,,10.0,CNY,,,
2026-03-15,支出,买菜,,24.4,CNY,,,
2026-03-15,支出,交通,,4600.0,CNY,,,驾照
2026-03-14,支出,交通,,46.0,CNY,,,打车
2026-03-14,支出,餐饮,,19.48,CNY,,,
2026-03-14,支出,餐饮,,23.9,CNY,,,
2026-03-13,支出,餐饮,,10.0,CNY,,,
2026-03-12,支出,购物,,121.6,CNY,,,风衣
2026-03-12,支出,交通,,10.0,CNY,,,地铁
2026-03-12,支出,餐饮,,10.0,CNY,,,
2026-03-12,支出,餐饮,,20.23,CNY,,,
2026-03-12,支出,交通,,25.5,CNY,,,打车
2026-03-11,支出,餐饮,,10.0,CNY,,,
2026-03-11,支出,水果,,120.0,CNY,,,小番茄
2026-03-10,收入,工资,,10679.85,CNY,,,
2026-03-10,支出,买菜,,7.7,CNY,,,
2026-03-10,收入,兼职,,20.0,CNY,,,
2026-03-10,支出,餐饮,,10.0,CNY,,,
2026-03-09,支出,购物,,6.2,CNY,,,纸
2026-03-09,支出,住房,,5.01,CNY,,,电费
2026-03-09,支出,住房,,10.0,CNY,,,电费
2026-03-09,支出,住房,,6.1,CNY,,,电费
2026-03-09,支出,住房,,6.1,CNY,,,电费
2026-03-09,支出,购物,,23.88,CNY,,,海带零食
2026-03-09,支出,餐饮,,10.0,CNY,,,
2026-03-08,支出,购物,,11.74,CNY,,,牛奶
2026-03-08,支出,购物,,189.0,CNY,,,书包
2026-03-08,支出,购物,,30.0,CNY,,,
2026-03-07,支出,零食,,16.8,CNY,,,奶茶
2026-03-07,支出,购物,,1.0,CNY,,,海马刀
2026-03-07,支出,买菜,,41.51,CNY,,,
2026-03-07,收入,兼职,,15.0,CNY,,,
2026-03-07,支出,购物,,25.8,CNY,,,蛋挞
2026-03-07,支出,人情,,500.0,CNY,,,梦琪
2026-03-06,支出,购物,,23.0,CNY,,,油烟机接油盒
2026-03-06,收入,工资,,10260.0,CNY,,,
2026-03-06,支出,餐饮,,10.0,CNY,,,
2026-03-06,支出,餐饮,,20.86,CNY,,,
2026-03-06,支出,住房,,80.0,CNY,,,电费
2026-03-05,支出,买菜,,23.53,CNY,,,
2026-03-05,支出,餐饮,,10.0,CNY,,,
2026-03-05,支出,餐饮,,20.46,CNY,,,
2026-03-05,收入,兼职,,15.0,CNY,,,
2026-03-05,收入,兼职,,20.0,CNY,,,
2026-03-04,支出,餐饮,,10.0,CNY,,,
2026-03-03,支出,购物,,5.27,CNY,,,84
2026-03-03,支出,住房,,20.0,CNY,,,电费
2026-03-03,支出,餐饮,,21.16,CNY,,,
2026-03-03,支出,零食,,43.96,CNY,,,奶茶
2026-03-03,支出,买菜,,11.73,CNY,,,汤圆
2026-03-02,支出,零食,,3.0,CNY,,,奶茶
2026-03-02,支出,餐饮,,21.16,CNY,,,
2026-03-01,支出,餐饮,,13.48,CNY,,,
2026-02-28,支出,餐饮,,15.9,CNY,,,
2026-02-28,支出,餐饮,,14.04,CNY,,,
2026-02-27,支出,餐饮,,25.8,CNY,,,
2026-02-27,支出,餐饮,,7.76,CNY,,,
2026-02-26,支出,餐饮,,17.27,CNY,,,
2026-02-25,支出,餐饮,,20.0,CNY,,,
2026-02-25,支出,餐饮,,16.26,CNY,,,
2026-02-24,支出,买菜,,11.14,CNY,,,
2026-02-24,支出,餐饮,,6.0,CNY,,,
2026-02-24,支出,餐饮,,15.5,CNY,,,
2026-02-23,支出,零食,,3.0,CNY,,,奶茶
2026-02-23,支出,交通,,10.0,CNY,,,地铁
2026-02-23,支出,交通,,10.36,CNY,,,打车
2026-02-22,支出,零食,,3.0,CNY,,,饮料
2026-02-21,支出,购物,,19.0,CNY,,,卸妆湿巾
2026-02-21,支出,零食,,64.0,CNY,,,
2026-02-21,支出,人情,,888.0,CNY,,,吕玉霞
2026-02-20,支出,购物,,12.8,CNY,,,下水道
2026-02-20,支出,餐饮,,26.0,CNY,,,
2026-02-20,支出,人情,,103.0,CNY,,,炮她
2026-02-20,支出,汽车,,340.0,CNY,,,油
2026-02-19,支出,人情,,22.0,CNY,,,零食他
2026-02-18,支出,人情,,39.0,CNY,,,炸鸡腿她
2026-02-18,支出,人情,,15.0,CNY,,,卷馍她
2026-02-18,支出,住房,,108.76,CNY,,,燃气
2026-02-17,支出,餐饮,,5.0,CNY,,,排水管
2026-02-17,支出,人情,,1000.0,CNY,,,妈
2026-02-17,支出,人情,,300.0,CNY,,,她爷爷奶奶下礼
2026-02-17,支出,人情,,300.0,CNY,,,瞧姑奶她
2026-02-17,支出,人情,,300.0,CNY,,,四老她
2026-02-17,支出,人情,,300.0,CNY,,,紫琪
2026-02-17,支出,人情,,500.0,CNY,,,梦琪
2026-02-17,支出,人情,,50.0,CNY,,,发红包她
2026-02-16,支出,零食,,20.0,CNY,,,辣条
2026-02-16,支出,购物,,10.0,CNY,,,对联
2026-02-16,支出,娱乐,,85.0,CNY,,,烟花
2026-02-15,支出,购物,,30.0,CNY,,,小马
2026-02-14,支出,汽车,,50.0,CNY,,,高速
2026-02-13,支出,汽车,,49.4,CNY,,,高速
2026-02-13,支出,人情,,200.0,CNY,,,小舅她
2026-02-13,支出,人情,,200.0,CNY,,,大舅她
2026-02-13,支出,人情,,218.0,CNY,,,爹
2026-02-12,支出,人情,,20.42,CNY,,,小夜灯
2026-02-12,支出,人情,,34.0,CNY,,,她鸡腿啥的
2026-02-12,支出,人情,,500.0,CNY,,,二姨
2026-02-12,支出,人情,,1000.0,CNY,,,大娘
2026-02-12,支出,通讯,,14.0,CNY,,,话费
2026-02-12,支出,人情,,114.0,CNY,,,电热毯+吃的啥的
2026-02-12,收入,奖金,,43279.4,CNY,,,
2026-02-11,支出,汽车,,375.84,CNY,,,油
2026-02-11,收入,工资,,9862.51,CNY,,,
2026-02-11,支出,人情,,150.0,CNY,,,零食她
2026-02-11,支出,汽车,,49.4,CNY,,,高速
2026-02-10,支出,汽车,,188.78,CNY,,,高速
2026-02-10,支出,人情,,1000.0,CNY,,,高畅
2026-02-09,支出,零食,,29.3,CNY,,,
2026-02-09,支出,餐饮,,432.0,CNY,,,
2026-02-09,支出,水果,,125.0,CNY,,,
2026-02-09,支出,住房,,19.0,CNY,,,电费
2026-02-09,支出,汽车,,231.8,CNY,,,油
2026-02-09,支出,交通,,7.8,CNY,,,打车
2026-02-09,支出,美容,,6143.0,CNY,,,戒指
2026-02-09,支出,交通,,10.0,CNY,,,打车
2026-02-09,支出,餐饮,,82.0,CNY,,,
2026-02-09,收入,工资,,13588.0,CNY,,,
2026-02-09,支出,住房,,6630.0,CNY,,,房租
2026-02-08,支出,餐饮,,10.6,CNY,,,
2026-02-08,支出,餐饮,,17.58,CNY,,,
2026-02-07,支出,餐饮,,31.0,CNY,,,
2026-02-07,支出,餐饮,,35.8,CNY,,,
2026-02-07,支出,餐饮,,12.7,CNY,,,
2026-02-07,支出,餐饮,,16.0,CNY,,,
2026-02-07,支出,购物,,956.4,CNY,,,山姆
2026-02-06,支出,餐饮,,31.0,CNY,,,
2026-02-06,支出,餐饮,,21.0,CNY,,,
2026-02-06,支出,餐饮,,30.0,CNY,,,
2026-02-06,支出,购物,,66.0,CNY,,,清洗剂
2026-02-06,支出,餐饮,,7.0,CNY,,,
2026-02-05,支出,人情,,1590.0,CNY,,,酒啥的
2026-02-05,支出,餐饮,,41.0,CNY,,,
2026-02-05,支出,餐饮,,22.5,CNY,,,
2026-02-05,支出,餐饮,,16.4,CNY,,,
2026-02-04,支出,餐饮,,20.0,CNY,,,
2026-02-04,支出,餐饮,,22.0,CNY,,,
2026-02-04,支出,餐饮,,38.0,CNY,,,
2026-02-03,支出,餐饮,,10.0,CNY,,,
2026-02-03,支出,零食,,5.9,CNY,,,咖啡
2026-02-03,支出,餐饮,,9.58,CNY,,,
2026-02-02,支出,购物,,23.0,CNY,,,吸顶灯
2026-02-02,支出,餐饮,,10.0,CNY,,,
2026-02-02,支出,买菜,,105.0,CNY,,,
2026-01-31,支出,买菜,,94.51,CNY,,,
2026-01-31,支出,购物,,214.0,CNY,,,珠海
2026-01-30,支出,餐饮,,6.0,CNY,,,
2026-01-30,支出,购物,,31.0,CNY,,,特仑苏
2026-01-30,支出,餐饮,,14.0,CNY,,,
2026-01-29,支出,餐饮,,3.0,CNY,,,
2026-01-29,支出,餐饮,,50.0,CNY,,,
2026-01-29,支出,购物,,13.0,CNY,,,钢化膜
2026-01-29,支出,餐饮,,10.0,CNY,,,
2026-01-29,支出,餐饮,,15.5,CNY,,,
2026-01-29,支出,交通,,20.8,CNY,,,打车
2026-01-28,支出,餐饮,,35.0,CNY,,,
2026-01-28,支出,餐饮,,10.0,CNY,,,
2026-01-28,支出,餐饮,,25.0,CNY,,,
2026-01-27,支出,餐饮,,14.6,CNY,,,
2026-01-27,支出,餐饮,,10.0,CNY,,,
2026-01-26,支出,买菜,,24.0,CNY,,,
2026-01-26,支出,餐饮,,12.0,CNY,,,
2026-01-26,支出,餐饮,,24.0,CNY,,,
2026-01-25,支出,买菜,,34.0,CNY,,,
2026-01-25,支出,人情,,502.77,CNY,,,梦琪鞋子和护肤品
2026-01-25,支出,购物,,30.97,CNY,,,围巾
2026-01-25,支出,买菜,,53.81,CNY,,,
2026-01-25,支出,购物,,24.0,CNY,,,马桶垫
2026-01-25,支出,餐饮,,319.5,CNY,,,自助
2026-01-25,支出,娱乐,,20.0,CNY,,,宝盆
2026-01-25,支出,娱乐,,70.0,CNY,,,银黑
2026-01-25,支出,人情,,50.0,CNY,,,梦琪手串
2026-01-25,支出,人情,,122.0,CNY,,,梦琪衣服
2026-01-25,支出,交通,,11.0,CNY,,,大巴车
2026-01-25,支出,交通,,16.0,CNY,,,大巴车
2026-01-25,支出,交通,,5.0,CNY,,,地铁
2026-01-25,支出,交通,,9.0,CNY,,,公交
2026-01-25,支出,零食,,15.7,CNY,,,饮料
2026-01-25,支出,交通,,23.0,CNY,,,打车
2026-01-25,支出,交通,,8.0,CNY,,,地铁
2026-01-25,支出,交通,,10.0,CNY,,,地铁
2026-01-24,支出,交通,,5.0,CNY,,,地铁
2026-01-24,支出,住房,,60.63,CNY,,,水费
2026-01-23,支出,餐饮,,20.0,CNY,,,
2026-01-23,支出,餐饮,,26.1,CNY,,,
2026-01-23,支出,餐饮,,12.0,CNY,,,
2026-01-22,支出,买菜,,83.83,CNY,,,
2026-01-22,支出,餐饮,,10.0,CNY,,,
2026-01-22,支出,餐饮,,14.1,CNY,,,
2026-01-22,支出,人情,,200.0,CNY,,,梦琪
2026-01-21,支出,交通,,73.5,CNY,,,打车
2026-01-21,支出,餐饮,,13.0,CNY,,,
2026-01-21,支出,餐饮,,12.0,CNY,,,
2026-01-20,支出,餐饮,,14.7,CNY,,,
2026-01-20,支出,餐饮,,12.0,CNY,,,
2026-01-19,支出,交通,,10.0,CNY,,,地铁
2026-01-19,支出,交通,,26.0,CNY,,,打车
2026-01-19,支出,餐饮,,81.7,CNY,,,午饭
2026-01-19,支出,交通,,179.0,CNY,,,蚌埠-苏州
2026-01-19,支出,交通,,196.5,CNY,,,武汉-蚌埠
2026-01-19,支出,医疗,,3.0,CNY,,,陪床
2026-01-19,支出,零食,,13.9,CNY,,,咖啡
2026-01-19,支出,交通,,6.83,CNY,,,打车
2026-01-19,支出,人情,,39.0,CNY,,,帽子她
2026-01-19,支出,人情,,5000.0,CNY,,,她
2026-01-18,支出,餐饮,,36.0,CNY,,,
2026-01-18,支出,水果,,209.0,CNY,,,榴莲她
2026-01-18,支出,餐饮,,20.8,CNY,,,
2026-01-18,支出,餐饮,,5.5,CNY,,,
2026-01-18,支出,交通,,15.0,CNY,,,打车
2026-01-18,支出,购物,,19.0,CNY,,,电池
2026-01-18,支出,人情,,200.0,CNY,,,梦琪
2026-01-18,支出,零食,,276.5,CNY,,,武汉特产
2026-01-18,支出,餐饮,,44.0,CNY,,,
2026-01-17,支出,交通,,10.0,CNY,,,地铁
2026-01-17,支出,交通,,4.0,CNY,,,梦琪地铁
2026-01-17,支出,餐饮,,28.0,CNY,,,
2026-01-17,支出,餐饮,,40.0,CNY,,,
2026-01-17,支出,餐饮,,30.0,CNY,,,
2026-01-17,支出,餐饮,,15.0,CNY,,,梦琪
2026-01-17,支出,娱乐,,10.0,CNY,,,西园寺
2026-01-17,支出,餐饮,,32.7,CNY,,,
2026-01-17,支出,零食,,172.0,CNY,,,梦琪零食
2026-01-17,支出,汽车,,420.0,CNY,,,停车
2026-01-17,支出,餐饮,,4.0,CNY,,,
2026-01-16,支出,餐饮,,10.0,CNY,,,
2026-01-16,支出,餐饮,,9.0,CNY,,,
2026-01-16,支出,餐饮,,12.0,CNY,,,
2026-01-16,支出,餐饮,,20.0,CNY,,,
2026-01-16,支出,餐饮,,35.0,CNY,,,
2026-01-16,支出,住房,,30.0,CNY,,,电费
2026-01-16,支出,餐饮,,38.4,CNY,,,
2026-01-16,支出,餐饮,,38.4,CNY,,,
2026-01-15,支出,餐饮,,10.0,CNY,,,梦琪饮料
2026-01-15,支出,餐饮,,31.0,CNY,,,
2026-01-15,支出,餐饮,,34.1,CNY,,,
2026-01-15,支出,餐饮,,62.0,CNY,,,果切她
2026-01-15,支出,餐饮,,150.0,CNY,,,梦琪
2026-01-15,支出,餐饮,,22.0,CNY,,,一嘿嘿她
2026-01-15,支出,餐饮,,10.0,CNY,,,
2026-01-15,支出,餐饮,,29.0,CNY,,,
2026-01-15,支出,交通,,7.0,CNY,,,地铁
2026-01-15,支出,交通,,193.0,CNY,,,高铁
2026-01-14,支出,餐饮,,27.2,CNY,,,
2026-01-14,支出,餐饮,,29.5,CNY,,,
2026-01-14,支出,餐饮,,27.59,CNY,,,饭
2026-01-14,支出,娱乐,,31.0,CNY,,,娃娃
2026-01-14,支出,交通,,193.0,CNY,,,高铁
2026-01-14,支出,餐饮,,49.0,CNY,,,
2026-01-14,支出,零食,,10.9,CNY,,,水
2026-01-14,支出,零食,,6.6,CNY,,,饮料
2026-01-14,支出,交通,,386.0,CNY,,,高铁
2026-01-14,支出,餐饮,,10.0,CNY,,,
2026-01-13,支出,餐饮,,10.0,CNY,,,
2026-01-12,支出,餐饮,,38.0,CNY,,,
2026-01-12,支出,餐饮,,45.0,CNY,,,
2026-01-12,支出,餐饮,,1.5,CNY,,,
2026-01-12,支出,交通,,2.6,CNY,,,地铁
2026-01-12,支出,零食,,9.0,CNY,,,饮料
2026-01-12,支出,交通,,21.0,CNY,,,打车
2026-01-12,支出,餐饮,,15.9,CNY,,,
2026-01-12,支出,餐饮,,10.0,CNY,,,
2026-01-11,支出,餐饮,,12.8,CNY,,,
2026-01-10,收入,工资,,9903.0,CNY,,,
2026-01-10,收入,工资,,10084.0,CNY,,,
2026-01-10,支出,餐饮,,8.7,CNY,,,
2026-01-10,支出,餐饮,,21.0,CNY,,,
2026-01-10,支出,买菜,,170.0,CNY,,,
2026-01-09,支出,餐饮,,25.2,CNY,,,
2026-01-09,支出,餐饮,,10.0,CNY,,,
2026-01-08,支出,餐饮,,21.0,CNY,,,
2026-01-07,支出,住房,,5850.0,CNY,,,房租
2026-01-07,收入,兼职,,15.0,CNY,,,
2026-01-07,支出,餐饮,,15.0,CNY,,,
2026-01-07,支出,餐饮,,12.0,CNY,,,
2026-01-07,支出,餐饮,,14.7,CNY,,,
2026-01-07,支出,购物,,386.0,CNY,,,毛衣
2026-01-06,收入,兼职,,20.0,CNY,,,
2026-01-06,支出,餐饮,,17.0,CNY,,,
2026-01-06,支出,餐饮,,10.0,CNY,,,
2026-01-06,支出,水果,,19.8,CNY,,,金桔
2026-01-05,支出,零食,,9.4,CNY,,,咖啡
2026-01-05,支出,餐饮,,12.0,CNY,,,
2026-01-05,支出,餐饮,,12.47,CNY,,,
2026-01-04,支出,住房,,150.0,CNY,,,电费
2026-01-04,支出,餐饮,,10.0,CNY,,,
2026-01-04,支出,餐饮,,9.48,CNY,,,
2026-01-03,支出,购物,,3.0,CNY,,,快递费
2026-01-03,支出,汽车,,4.0,CNY,,,钥匙电池
2026-01-03,支出,买菜,,20.0,CNY,,,
2026-01-03,支出,零食,,10.0,CNY,,,千灯
2026-01-03,支出,汽车,,25.0,CNY,,,高速
2026-01-03,支出,购物,,111.22,CNY,,,ipad壳
2026-01-03,支出,购物,,60.0,CNY,,,袜子
2026-01-02,支出,购物,,13.6,CNY,,,相框
2026-01-02,支出,水果,,32.2,CNY,,,
2026-01-02,支出,买菜,,130.9,CNY,,,盒马
2026-01-02,支出,汽车,,200.0,CNY,,,油
2026-01-02,支出,餐饮,,92.0,CNY,,,
2026-01-02,支出,购物,,22.0,CNY,,,小夜灯
2026-01-02,收入,红包,,66.88,CNY,,,元旦
2026-01-01,支出,买菜,,60.0,CNY,,,
2026-01-01,支出,买菜,,40.75,CNY,,,
2025-12-31,支出,餐饮,,11.57,CNY,,,
2025-12-31,支出,购物,,30.0,CNY,,,锅铲
2025-12-31,支出,餐饮,,29.0,CNY,,,
2025-12-30,支出,餐饮,,11.57,CNY,,,
2025-12-30,支出,餐饮,,12.0,CNY,,,
2025-12-29,支出,餐饮,,10.0,CNY,,,
2025-12-29,支出,餐饮,,11.57,CNY,,,
2025-12-27,支出,通讯,,100.0,CNY,,,话费
2025-12-27,支出,餐饮,,28.0,CNY,,,
2025-12-26,支出,餐饮,,9.47,CNY,,,
2025-12-26,支出,交通,,30.0,CNY,,,充电
2025-12-25,支出,交通,,22.6,CNY,,,打车
2025-12-24,支出,餐饮,,10.0,CNY,,,
2025-12-23,支出,餐饮,,10.0,CNY,,,
2025-12-23,支出,餐饮,,10.47,CNY,,,
2025-12-22,支出,购物,,17.5,CNY,,,纸杯
2025-12-22,支出,餐饮,,12.68,CNY,,,
2025-12-22,支出,餐饮,,10.0,CNY,,,
2025-12-21,支出,购物,,9.87,CNY,,,字帖
2025-12-21,支出,购物,,39.0,CNY,,,
2025-12-20,支出,买菜,,460.79,CNY,,,
2025-12-19,支出,餐饮,,14.0,CNY,,,
2025-12-19,支出,餐饮,,4.0,CNY,,,
2025-12-18,支出,零食,,20.0,CNY,,,面包
2025-12-18,支出,餐饮,,12.0,CNY,,,
2025-12-18,支出,餐饮,,13.0,CNY,,,
2025-12-18,支出,住房,,20.2,CNY,,,燃气
2025-12-18,支出,餐饮,,10.0,CNY,,,
2025-12-18,支出,餐饮,,10.47,CNY,,,
2025-12-18,支出,餐饮,,4.0,CNY,,,
2025-12-17,支出,餐饮,,29.0,CNY,,,
2025-12-17,支出,餐饮,,18.0,CNY,,,
2025-12-17,支出,餐饮,,15.0,CNY,,,
2025-12-17,支出,餐饮,,10.0,CNY,,,
2025-12-17,支出,餐饮,,8.85,CNY,,,
2025-12-15,支出,购物,,200.0,CNY,,,黑龙江
2025-12-15,支出,餐饮,,17.0,CNY,,,
2025-12-15,支出,餐饮,,13.78,CNY,,,
2025-12-14,支出,餐饮,,18.7,CNY,,,
2025-12-13,支出,餐饮,,13.78,CNY,,,
2025-12-12,支出,餐饮,,19.0,CNY,,,
2025-12-12,支出,餐饮,,12.78,CNY,,,
2025-12-11,支出,购物,,94.0,CNY,,,冰箱贴
2025-12-11,支出,餐饮,,20.6,CNY,,,
2025-12-11,支出,零食,,62.4,CNY,,,面包
2025-12-11,支出,餐饮,,11.48,CNY,,,
2025-12-10,支出,餐饮,,8.0,CNY,,,
2025-12-09,支出,餐饮,,10.0,CNY,,,
2025-12-09,支出,交通,,50.0,CNY,,,打车
2025-12-08,支出,餐饮,,20.0,CNY,,,
2025-12-08,支出,零食,,21.0,CNY,,,饮料
2025-12-08,支出,餐饮,,12.8,CNY,,,
2025-12-08,支出,餐饮,,21.0,CNY,,,
2025-12-07,支出,餐饮,,98.0,CNY,,,
2025-12-06,支出,零食,,42.1,CNY,,,奶茶
2025-12-05,支出,餐饮,,235.0,CNY,,,
2025-12-05,支出,住房,,61.32,CNY,,,水费
2025-12-05,支出,餐饮,,12.0,CNY,,,
2025-12-05,支出,餐饮,,10.0,CNY,,,
2025-12-04,支出,餐饮,,21.3,CNY,,,
2025-12-04,支出,餐饮,,18.0,CNY,,,
2025-12-03,支出,餐饮,,26.0,CNY,,,
2025-12-03,支出,餐饮,,21.4,CNY,,,
2025-12-03,支出,餐饮,,15.0,CNY,,,
2025-12-03,支出,餐饮,,5.5,CNY,,,
2025-12-03,支出,购物,,620.0,CNY,,,衣服裤子
2025-12-02,支出,购物,,31.8,CNY,,,冰箱贴
2025-12-02,支出,餐饮,,11.0,CNY,,,
2025-12-01,支出,餐饮,,20.0,CNY,,,
2025-12-01,支出,餐饮,,37.0,CNY,,,
2025-12-01,支出,餐饮,,13.0,CNY,,,
2025-12-01,支出,人情,,100.0,CNY,,,话费我
2025-12-01,支出,餐饮,,40.0,CNY,,,
2025-12-01,支出,餐饮,,14.0,CNY,,,
2025-11-29,支出,购物,,17.0,CNY,,,猕猴桃🥝
2025-11-29,支出,零食,,23.8,CNY,,,面包
2025-11-29,支出,餐饮,,86.9,CNY,,,
2025-11-28,支出,餐饮,,8.0,CNY,,,
2025-11-28,支出,餐饮,,18.3,CNY,,,
2025-11-28,支出,餐饮,,12.0,CNY,,,
2025-11-28,支出,餐饮,,15.0,CNY,,,
2025-11-27,支出,餐饮,,16.0,CNY,,,
2025-11-27,支出,餐饮,,12.0,CNY,,,
2025-11-26,支出,餐饮,,16.0,CNY,,,
2025-11-26,支出,餐饮,,10.0,CNY,,,
2025-11-25,支出,餐饮,,20.0,CNY,,,
2025-11-25,支出,餐饮,,25.0,CNY,,,
2025-11-25,支出,餐饮,,11.0,CNY,,,
2025-11-25,支出,餐饮,,22.0,CNY,,,
2025-11-24,支出,餐饮,,34.0,CNY,,,
2025-11-24,支出,餐饮,,18.0,CNY,,,
2025-11-23,支出,购物,,12.82,CNY,,,手套
2025-11-23,支出,购物,,39.04,CNY,,,烤肠
2025-11-23,支出,购物,,78.11,CNY,,,打底裤
2025-11-21,支出,人情,,300.0,CNY,,,上账她
2025-11-21,支出,餐饮,,16.0,CNY,,,
2025-11-21,支出,餐饮,,13.2,CNY,,,
2025-11-20,支出,餐饮,,10.0,CNY,,,
2025-11-20,支出,餐饮,,13.2,CNY,,,
2025-11-20,支出,餐饮,,11.0,CNY,,,
2025-11-19,支出,餐饮,,13.2,CNY,,,
2025-11-19,支出,交通,,16.0,CNY,,,打车
2025-11-19,支出,餐饮,,55.0,CNY,,,
2025-11-18,支出,餐饮,,20.0,CNY,,,
2025-11-17,支出,餐饮,,11.8,CNY,,,
2025-11-17,支出,餐饮,,11.0,CNY,,,
2025-11-16,支出,购物,,25.0,CNY,,,士力架
2025-11-16,支出,买菜,,72.0,CNY,,,
2025-11-15,支出,住房,,5.0,CNY,,,燃气
2025-11-15,支出,医疗,,50.5,CNY,,,灰指甲
2025-11-15,支出,餐饮,,30.0,CNY,,,
2025-11-15,支出,零食,,10.0,CNY,,,饮料
2025-11-15,支出,娱乐,,60.0,CNY,,,天平山
2025-11-14,支出,餐饮,,13.1,CNY,,,
2025-11-14,支出,餐饮,,86.1,CNY,,,
2025-11-14,支出,餐饮,,10.0,CNY,,,
2025-11-13,支出,零食,,139.4,CNY,,,奶茶，牛哥
2025-11-13,支出,餐饮,,13.0,CNY,,,
2025-11-13,支出,餐饮,,29.0,CNY,,,
2025-11-13,支出,餐饮,,13.1,CNY,,,
2025-11-12,支出,餐饮,,13.1,CNY,,,
2025-11-12,支出,餐饮,,85.0,CNY,,,
2025-11-11,支出,餐饮,,20.0,CNY,,,
2025-11-11,支出,餐饮,,12.8,CNY,,,
2025-11-10,支出,餐饮,,12.3,CNY,,,
2025-11-09,支出,交通,,20.0,CNY,,,补胎
2025-11-09,支出,餐饮,,33.0,CNY,,,
2025-11-09,支出,餐饮,,17.0,CNY,,,
2025-11-08,支出,餐饮,,39.0,CNY,,,
2025-11-08,支出,餐饮,,20.19,CNY,,,
2025-11-07,支出,购物,,59.0,CNY,,,鸭翅
2025-11-07,支出,餐饮,,28.3,CNY,,,
2025-11-07,支出,餐饮,,33.0,CNY,,,
2025-11-07,支出,餐饮,,17.3,CNY,,,
2025-11-06,支出,餐饮,,45.35,CNY,,,
2025-11-06,支出,餐饮,,18.7,CNY,,,
2025-11-05,支出,餐饮,,58.0,CNY,,,
2025-11-05,支出,餐饮,,17.7,CNY,,,
2025-11-04,支出,餐饮,,22.0,CNY,,,
2025-11-04,支出,餐饮,,17.9,CNY,,,
2025-11-03,支出,餐饮,,19.0,CNY,,,
2025-11-03,支出,汽车,,10.0,CNY,,,石化钱包
2025-11-03,支出,住房,,77.0,CNY,,,电费
2025-11-03,支出,餐饮,,17.9,CNY,,,
2025-11-03,支出,交通,,22.68,CNY,,,打车，杭州出差
2025-11-03,支出,餐饮,,15.0,CNY,,,
2025-11-02,支出,水果,,18.0,CNY,,,猕猴桃
2025-10-31,支出,零食,,102.0,CNY,,,蛋糕
2025-10-31,支出,餐饮,,127.0,CNY,,,
2025-10-31,支出,餐饮,,10.0,CNY,,,
2025-10-31,支出,通讯,,50.0,CNY,,,话费
2025-10-30,支出,人情,,1950.0,CNY,,,梦琪手机
2025-10-30,支出,购物,,1619.0,CNY,,,包
2025-10-30,支出,购物,,362.72,CNY,,,面霜
2025-10-30,支出,购物,,282.7,CNY,,,吹风机
2025-10-30,支出,人情,,281.95,CNY,,,梦琪鞋
2025-10-30,支出,人情,,438.47,CNY,,,抹脸
2025-10-30,支出,人情,,442.42,CNY,,,抹脸她
2025-10-30,支出,人情,,169.31,CNY,,,面膜她
2025-10-30,支出,购物,,182.41,CNY,,,洗面奶
2025-10-30,支出,购物,,85.91,CNY,,,内裤
2025-10-30,支出,购物,,505.26,CNY,,,精华
2025-10-30,支出,购物,,419.08,CNY,,,特护霜
2025-10-30,支出,购物,,69.76,CNY,,,意面
2025-10-30,支出,购物,,329.56,CNY,,,发膜
2025-10-30,支出,购物,,131.69,CNY,,,发膜
2025-10-30,支出,购物,,226.76,CNY,,,洗发水
2025-10-30,支出,购物,,137.18,CNY,,,喷雾
2025-10-30,支出,购物,,67.71,CNY,,,麦片
2025-10-30,支出,购物,,417.67,CNY,,,精华
2025-10-30,支出,购物,,458.44,CNY,,,精华
2025-10-30,支出,购物,,277.76,CNY,,,精油
2025-10-30,支出,购物,,413.01,CNY,,,鞋
2025-10-30,支出,购物,,224.56,CNY,,,修容盘
2025-10-30,支出,购物,,85.48,CNY,,,消毒液
2025-10-30,支出,购物,,87.78,CNY,,,清洁剂
2025-10-30,支出,购物,,197.71,CNY,,,空气炸锅
2025-10-30,支出,购物,,703.11,CNY,,,四件套
2025-10-30,支出,购物,,59.3,CNY,,,安睡裤
2025-10-30,支出,购物,,107.55,CNY,,,牙膏
2025-10-30,支出,购物,,340.83,CNY,,,微波炉
2025-10-30,支出,人情,,154.38,CNY,,,奶粉她
2025-10-30,支出,购物,,248.79,CNY,,,冲牙器
2025-10-30,支出,购物,,24.31,CNY,,,口香糖
2025-10-30,支出,购物,,14.2,CNY,,,酸奶
2025-10-30,支出,购物,,60.43,CNY,,,公牛
2025-10-30,支出,购物,,29.0,CNY,,,袜子
2025-10-30,支出,购物,,39.24,CNY,,,口罩
2025-10-30,支出,购物,,22.06,CNY,,,洗碗布
2025-10-30,支出,购物,,30.53,CNY,,,袜子
2025-10-30,支出,购物,,68.92,CNY,,,厕纸
2025-10-30,支出,购物,,89.17,CNY,,,米
2025-10-30,支出,购物,,26.3,CNY,,,手套
2025-10-30,支出,购物,,294.35,CNY,,,防脱
2025-10-30,支出,购物,,704.74,CNY,,,鞋
2025-10-30,支出,购物,,6.8,CNY,,,自行车油
2025-10-30,支出,购物,,43.63,CNY,,,洗发水
2025-10-30,支出,购物,,15.94,CNY,,,水龙头防溅
2025-10-30,支出,购物,,4.42,CNY,,,调料勺
2025-10-30,支出,购物,,171.59,CNY,,,泡脚桶
2025-10-30,支出,购物,,63.82,CNY,,,纯牛奶
2025-10-30,支出,购物,,56.65,CNY,,,挡风被
2025-10-30,支出,购物,,747.56,CNY,,,跑步机
2025-10-30,支出,购物,,61.97,CNY,,,牙膏
2025-10-30,支出,购物,,79.32,CNY,,,内裤
2025-10-30,支出,零食,,30.0,CNY,,,周黑鸭
2025-10-30,支出,水果,,127.0,CNY,,,榴莲
2025-10-30,支出,买菜,,41.0,CNY,,,
2025-10-30,支出,餐饮,,17.0,CNY,,,
2025-10-30,支出,买菜,,27.18,CNY,,,
2025-10-28,支出,餐饮,,28.0,CNY,,,
2025-10-28,支出,餐饮,,16.88,CNY,,,
2025-10-28,支出,交通,,18.8,CNY,,,打车
2025-10-28,支出,餐饮,,16.0,CNY,,,
2025-10-28,支出,交通,,24.41,CNY,,,打车
2025-10-27,支出,餐饮,,16.0,CNY,,,
2025-10-27,支出,餐饮,,13.1,CNY,,,
2025-10-25,支出,餐饮,,48.0,CNY,,,
2025-10-25,支出,餐饮,,16.0,CNY,,,
2025-10-25,支出,餐饮,,25.4,CNY,,,
2025-10-25,支出,零食,,10.0,CNY,,,奶茶
2025-10-25,支出,汽车,,420.0,CNY,,,停车
2025-10-25,支出,餐饮,,18.0,CNY,,,
2025-10-25,支出,住房,,20.0,CNY,,,燃气
2025-10-24,支出,通讯,,10.0,CNY,,,话费
2025-10-24,支出,餐饮,,9.0,CNY,,,
2025-10-24,支出,餐饮,,14.4,CNY,,,
2025-10-23,支出,餐饮,,17.0,CNY,,,
2025-10-22,支出,餐饮,,60.0,CNY,,,
2025-10-22,支出,买菜,,60.0,CNY,,,
2025-10-22,支出,餐饮,,14.36,CNY,,,
2025-10-22,支出,餐饮,,14.4,CNY,,,
2025-10-21,支出,餐饮,,19.4,CNY,,,
2025-10-21,支出,餐饮,,16.9,CNY,,,
2025-10-21,支出,餐饮,,14.9,CNY,,,
2025-10-20,支出,餐饮,,16.0,CNY,,,
2025-10-20,支出,餐饮,,12.4,CNY,,,
2025-10-19,支出,买菜,,30.0,CNY,,,
2025-10-19,支出,购物,,88.0,CNY,,,vip
2025-10-18,支出,餐饮,,45.0,CNY,,,
2025-10-18,支出,餐饮,,12.9,CNY,,,
2025-10-17,支出,餐饮,,14.09,CNY,,,
2025-10-17,支出,餐饮,,17.0,CNY,,,
2025-10-16,支出,交通,,30.0,CNY,,,充电
2025-10-16,支出,餐饮,,17.0,CNY,,,
2025-10-16,支出,餐饮,,18.17,CNY,,,
2025-10-15,支出,餐饮,,17.0,CNY,,,
2025-10-15,支出,购物,,9.16,CNY,,,智齿清洁
2025-10-15,支出,餐饮,,22.08,CNY,,,
2025-10-15,支出,餐饮,,16.17,CNY,,,
2025-10-14,支出,餐饮,,25.0,CNY,,,
2025-10-14,支出,餐饮,,22.0,CNY,,,
2025-10-14,支出,餐饮,,19.0,CNY,,,
2025-10-13,支出,餐饮,,17.0,CNY,,,
2025-10-13,支出,餐饮,,7.0,CNY,,,
2025-10-13,支出,餐饮,,16.0,CNY,,,
2025-10-12,支出,餐饮,,20.4,CNY,,,
2025-10-12,支出,人情,,205.0,CNY,,,零食
2025-10-12,支出,餐饮,,8.2,CNY,,,
2025-10-11,支出,餐饮,,22.0,CNY,,,
2025-10-11,支出,交通,,25.0,CNY,,,打车
2025-10-11,支出,交通,,21.0,CNY,,,打车
2025-10-11,支出,餐饮,,18.0,CNY,,,
2025-10-11,支出,买菜,,48.0,CNY,,,
2025-10-11,支出,汽车,,7.0,CNY,,,停车
2025-10-10,支出,餐饮,,17.0,CNY,,,
2025-10-10,支出,餐饮,,16.0,CNY,,,
2025-10-09,支出,餐饮,,16.2,CNY,,,
2025-10-09,支出,餐饮,,17.0,CNY,,,
2025-10-08,支出,买菜,,121.5,CNY,,,菜
2025-10-08,支出,零食,,8.0,CNY,,,雪碧
2025-10-08,支出,餐饮,,150.0,CNY,,,
2025-10-07,支出,购物,,5.0,CNY,,,
2025-10-07,支出,餐饮,,25.0,CNY,,,
2025-10-07,支出,娱乐,,200.0,CNY,,,夹娃娃
2025-10-07,支出,娱乐,,600.0,CNY,,,彩票
2025-10-07,支出,美容,,300.0,CNY,,,理发
2025-10-07,支出,餐饮,,18.0,CNY,,,
2025-10-06,支出,住房,,5850.0,CNY,,,房租
2025-10-05,支出,买菜,,34.28,CNY,,,
2025-10-04,支出,人情,,1000.0,CNY,,,妈我
2025-10-04,支出,汽车,,11.0,CNY,,,停车
2025-10-03,支出,买菜,,45.66,CNY,,,
2025-10-03,支出,餐饮,,31.0,CNY,,,
2025-10-03,支出,交通,,60.0,CNY,,,公交
2025-10-03,支出,餐饮,,21.24,CNY,,,
2025-10-02,支出,餐饮,,129.0,CNY,,,
2025-10-02,支出,水果,,108.0,CNY,,,榴莲
2025-10-02,支出,餐饮,,13.4,CNY,,,
2025-10-02,支出,餐饮,,18.9,CNY,,,
2025-10-02,支出,餐饮,,28.7,CNY,,,
2025-10-02,支出,餐饮,,30.0,CNY,,,
2025-10-01,支出,人情,,1300.0,CNY,,,中秋她
2025-10-01,支出,餐饮,,150.0,CNY,,,
2025-10-01,支出,购物,,8.15,CNY,,,补胎工具
2025-09-30,支出,餐饮,,14.0,CNY,,,
2025-09-30,支出,餐饮,,23.0,CNY,,,
2025-09-30,支出,餐饮,,17.0,CNY,,,
2025-09-30,支出,餐饮,,18.8,CNY,,,
2025-09-30,支出,餐饮,,7.5,CNY,,,
2025-09-30,支出,交通,,4.0,CNY,,,公交
2025-09-29,支出,餐饮,,14.0,CNY,,,
2025-09-29,支出,餐饮,,14.2,CNY,,,
2025-09-29,支出,餐饮,,14.8,CNY,,,
2025-09-29,支出,水果,,27.0,CNY,,,
2025-09-29,支出,餐饮,,14.0,CNY,,,
2025-09-29,支出,餐饮,,18.0,CNY,,,
2025-09-28,支出,零食,,5.0,CNY,,,饮料
2025-09-28,支出,交通,,30.0,CNY,,,充电
2025-09-28,支出,零食,,2.0,CNY,,,饮料
2025-09-28,支出,餐饮,,21.2,CNY,,,
2025-09-28,支出,餐饮,,18.0,CNY,,,
2025-09-28,支出,餐饮,,15.0,CNY,,,
2025-09-28,支出,餐饮,,5.0,CNY,,,
2025-09-28,支出,交通,,8.23,CNY,,,打车
2025-09-27,支出,水果,,268.0,CNY,,,榴莲
2025-09-27,支出,餐饮,,20.1,CNY,,,
2025-09-27,支出,餐饮,,20.5,CNY,,,
2025-09-26,支出,零食,,32.0,CNY,,,奶茶
2025-09-26,支出,餐饮,,21.3,CNY,,,
2025-09-26,支出,餐饮,,13.0,CNY,,,
2025-09-26,支出,住房,,58.0,CNY,,,水费
2025-09-26,支出,餐饮,,16.0,CNY,,,
2025-09-25,支出,餐饮,,15.0,CNY,,,
2025-09-25,支出,餐饮,,13.0,CNY,,,
2025-09-25,支出,交通,,27.0,CNY,,,打车
2025-09-24,支出,餐饮,,101.0,CNY,,,
2025-09-24,支出,餐饮,,165.9,CNY,,,
2025-09-24,支出,餐饮,,19.0,CNY,,,
2025-09-24,支出,餐饮,,15.0,CNY,,,
2025-09-23,支出,餐饮,,18.8,CNY,,,
2025-09-23,支出,购物,,920.0,CNY,,,香水
2025-09-23,支出,购物,,50.0,CNY,,,花
2025-09-23,支出,餐饮,,15.0,CNY,,,
2025-09-23,支出,餐饮,,26.4,CNY,,,
2025-09-22,支出,餐饮,,16.38,CNY,,,
2025-09-22,支出,餐饮,,14.0,CNY,,,
2025-09-22,支出,餐饮,,15.0,CNY,,,
2025-09-22,支出,餐饮,,22.7,CNY,,,
2025-09-21,支出,交通,,11.0,CNY,,,打车
2025-09-21,支出,交通,,74.0,CNY,,,高铁
2025-09-21,支出,交通,,141.0,CNY,,,高铁
2025-09-21,支出,餐饮,,9.9,CNY,,,
2025-09-21,支出,餐饮,,56.69,CNY,,,
2025-09-21,支出,餐饮,,31.26,CNY,,,
2025-09-21,支出,娱乐,,37.0,CNY,,,续房
2025-09-20,支出,餐饮,,10.0,CNY,,,
2025-09-20,支出,餐饮,,228.0,CNY,,,
2025-09-20,支出,零食,,59.0,CNY,,,冰淇淋
2025-09-19,支出,零食,,4.0,CNY,,,饮料
2025-09-19,支出,餐饮,,120.0,CNY,,,
2025-09-19,支出,餐饮,,8.5,CNY,,,
2025-09-19,支出,餐饮,,7.0,CNY,,,
2025-09-19,支出,零食,,5.0,CNY,,,饮料
2025-09-18,支出,餐饮,,16.7,CNY,,,
2025-09-18,支出,餐饮,,20.0,CNY,,,
2025-09-18,支出,餐饮,,15.8,CNY,,,
2025-09-18,支出,餐饮,,21.6,CNY,,,
2025-09-17,支出,购物,,4.83,CNY,,,眼罩
2025-09-17,支出,购物,,2.88,CNY,,,刀
2025-09-17,支出,购物,,2.0,CNY,,,贴纸
2025-09-17,支出,购物,,4.88,CNY,,,擦镜纸
2025-09-17,支出,零食,,10.0,CNY,,,饮料
2025-09-17,支出,人情,,80.0,CNY,,,梦琪
2025-09-17,支出,餐饮,,13.0,CNY,,,
2025-09-17,支出,餐饮,,4.5,CNY,,,
2025-09-16,支出,餐饮,,134.19,CNY,,,
2025-09-16,支出,餐饮,,8.0,CNY,,,
2025-09-15,支出,餐饮,,90.0,CNY,,,
2025-09-15,支出,餐饮,,11.4,CNY,,,
2025-09-15,支出,餐饮,,12.9,CNY,,,
2025-09-13,支出,餐饮,,70.0,CNY,,,
2025-09-13,支出,零食,,32.0,CNY,,,饮料
2025-09-13,支出,买菜,,122.0,CNY,,,
2025-09-12,支出,餐饮,,18.0,CNY,,,
2025-09-12,支出,餐饮,,21.5,CNY,,,
2025-09-12,支出,餐饮,,8.0,CNY,,,
2025-09-12,支出,餐饮,,8.0,CNY,,,
2025-09-11,支出,餐饮,,12.9,CNY,,,
2025-09-11,支出,餐饮,,15.8,CNY,,,
2025-09-11,支出,餐饮,,16.0,CNY,,,
2025-09-11,支出,餐饮,,17.4,CNY,,,
2025-09-11,支出,餐饮,,8.0,CNY,,,
2025-09-10,支出,餐饮,,15.8,CNY,,,
2025-09-10,支出,餐饮,,18.5,CNY,,,
2025-09-10,支出,餐饮,,14.32,CNY,,,
2025-09-10,支出,餐饮,,5.0,CNY,,,
2025-09-09,支出,交通,,100.0,CNY,,,换胎
2025-09-09,支出,餐饮,,22.0,CNY,,,
2025-09-09,支出,餐饮,,21.7,CNY,,,
2025-09-09,支出,餐饮,,3.5,CNY,,,
2025-09-08,支出,餐饮,,23.48,CNY,,,
2025-09-08,支出,零食,,25.8,CNY,,,面包
2025-09-08,支出,餐饮,,17.0,CNY,,,
2025-09-08,支出,餐饮,,20.8,CNY,,,
2025-09-08,支出,餐饮,,4.0,CNY,,,
2025-09-07,支出,零食,,4.0,CNY,,,饮料
2025-09-07,支出,餐饮,,10.8,CNY,,,
2025-09-07,支出,餐饮,,14.0,CNY,,,
2025-09-06,支出,餐饮,,12.8,CNY,,,
2025-09-06,支出,买菜,,74.8,CNY,,,
2025-09-06,支出,餐饮,,15.0,CNY,,,
2025-09-05,支出,购物,,9.2,CNY,,,手套
2025-09-05,支出,餐饮,,16.0,CNY,,,
2025-09-05,支出,餐饮,,8.82,CNY,,,
2025-09-05,支出,购物,,450.0,CNY,,,修手环
2025-09-05,支出,餐饮,,20.0,CNY,,,
2025-09-05,支出,餐饮,,15.8,CNY,,,
2025-09-05,支出,餐饮,,12.0,CNY,,,
2025-09-05,支出,餐饮,,23.65,CNY,,,
2025-09-05,支出,餐饮,,9.0,CNY,,,
2025-09-04,支出,人情,,500.0,CNY,,,叔她
2025-09-04,支出,餐饮,,40.0,CNY,,,
2025-09-04,支出,零食,,15.0,CNY,,,
2025-09-04,支出,餐饮,,20.0,CNY,,,
2025-09-04,支出,餐饮,,19.8,CNY,,,
2025-09-04,支出,美容,,19.0,CNY,,,理发
2025-09-04,支出,餐饮,,4.0,CNY,,,
2025-09-03,支出,餐饮,,11.8,CNY,,,
2025-09-03,支出,餐饮,,13.8,CNY,,,
2025-09-03,支出,餐饮,,19.9,CNY,,,
2025-09-03,支出,餐饮,,19.0,CNY,,,
2025-09-03,支出,购物,,16.54,CNY,,,画板
2025-09-03,支出,餐饮,,22.7,CNY,,,
2025-09-02,支出,零食,,16.0,CNY,,,奶茶
2025-09-02,支出,零食,,16.8,CNY,,,奶茶
2025-09-02,支出,餐饮,,8.8,CNY,,,
2025-09-02,支出,餐饮,,15.0,CNY,,,
2025-09-02,支出,餐饮,,21.2,CNY,,,
2025-09-02,支出,餐饮,,3.5,CNY,,,
2025-09-01,支出,餐饮,,12.5,CNY,,,
2025-09-01,支出,餐饮,,12.8,CNY,,,
2025-09-01,支出,餐饮,,19.0,CNY,,,
2025-09-01,支出,餐饮,,24.7,CNY,,,
2025-09-01,支出,餐饮,,8.0,CNY,,,
2025-08-31,支出,餐饮,,16.2,CNY,,,
2025-08-31,支出,餐饮,,8.8,CNY,,,
2025-08-31,支出,餐饮,,4.0,CNY,,,
2025-08-31,支出,买菜,,81.41,CNY,,,
2025-08-30,支出,餐饮,,16.7,CNY,,,
2025-08-30,支出,餐饮,,25.8,CNY,,,
2025-08-30,支出,餐饮,,20.6,CNY,,,
2025-08-29,支出,餐饮,,88.0,CNY,,,烧烤
2025-08-29,支出,购物,,113.25,CNY,,,裤子
2025-08-29,支出,购物,,92.71,CNY,,,睡裙
2025-08-29,支出,餐饮,,18.0,CNY,,,
2025-08-28,支出,购物,,896.0,CNY,,,金豆
2025-08-28,支出,餐饮,,21.7,CNY,,,
2025-08-28,支出,购物,,12.0,CNY,,,快递费
2025-08-28,支出,餐饮,,20.88,CNY,,,
2025-08-28,支出,餐饮,,21.7,CNY,,,
2025-08-28,支出,餐饮,,5.5,CNY,,,
2025-08-27,支出,餐饮,,16.0,CNY,,,
2025-08-27,支出,餐饮,,24.0,CNY,,,
2025-08-27,支出,餐饮,,14.8,CNY,,,
2025-08-27,支出,餐饮,,16.0,CNY,,,
2025-08-27,支出,餐饮,,3.5,CNY,,,
2025-08-26,支出,餐饮,,16.0,CNY,,,
2025-08-26,支出,餐饮,,12.0,CNY,,,
2025-08-26,支出,零食,,8.0,CNY,,,饮料
2025-08-26,支出,餐饮,,16.0,CNY,,,
2025-08-26,支出,餐饮,,6.0,CNY,,,
2025-08-25,支出,餐饮,,21.0,CNY,,,
2025-08-25,支出,餐饮,,17.4,CNY,,,
2025-08-24,支出,餐饮,,160.94,CNY,,,
2025-08-24,支出,购物,,60.96,CNY,,,裤子
2025-08-24,支出,购物,,47.96,CNY,,,短裤
2025-08-24,支出,购物,,48.78,CNY,,,洞洞鞋
2025-08-24,支出,购物,,52.17,CNY,,,短袖
2025-08-24,支出,购物,,10.0,CNY,,,小玩意
2025-08-24,支出,水果,,200.0,CNY,,,榴莲
2025-08-23,支出,汽车,,15.0,CNY,,,停车
2025-08-23,支出,购物,,27.19,CNY,,,三福
2025-08-23,支出,零食,,31.0,CNY,,,奶茶
2025-08-23,支出,餐饮,,78.31,CNY,,,
2025-08-23,支出,零食,,18.0,CNY,,,奶茶
2025-08-23,支出,娱乐,,65.15,CNY,,,电影
2025-08-22,支出,餐饮,,14.0,CNY,,,
2025-08-22,支出,餐饮,,14.3,CNY,,,
2025-08-21,支出,住房,,100.0,CNY,,,电费
2025-08-21,支出,住房,,90.0,CNY,,,电费
2025-08-21,支出,餐饮,,16.57,CNY,,,
2025-08-21,支出,餐饮,,12.1,CNY,,,
2025-08-20,支出,餐饮,,18.0,CNY,,,
2025-08-20,支出,餐饮,,22.28,CNY,,,
2025-08-19,支出,买菜,,78.58,CNY,,,
2025-08-19,支出,购物,,2.0,CNY,,,
2025-08-19,支出,餐饮,,24.0,CNY,,,
2025-08-19,支出,餐饮,,11.0,CNY,,,
2025-08-18,支出,买菜,,46.86,CNY,,,
2025-08-18,支出,购物,,2.25,CNY,,,手机壳
2025-08-18,支出,餐饮,,14.0,CNY,,,
2025-08-18,支出,餐饮,,17.8,CNY,,,
2025-08-18,支出,购物,,148.22,CNY,,,靠背椅子
2025-08-17,支出,购物,,39.9,CNY,,,酸奶
2025-08-17,支出,购物,,27.18,CNY,,,灯
2025-08-17,支出,购物,,151.0,CNY,,,短袖*3
2025-08-17,支出,餐饮,,60.0,CNY,,,
2025-08-17,支出,住房,,32.72,CNY,,,燃气
2025-08-17,支出,餐饮,,15.0,CNY,,,
2025-08-17,支出,餐饮,,13.49,CNY,,,
2025-08-17,支出,餐饮,,16.8,CNY,,,
2025-08-16,支出,零食,,35.0,CNY,,,奶茶
2025-08-16,支出,餐饮,,29.0,CNY,,,
2025-08-15,支出,水果,,32.78,CNY,,,
2025-08-15,支出,餐饮,,13.5,CNY,,,
2025-08-15,支出,餐饮,,24.0,CNY,,,
2025-08-14,支出,买菜,,46.36,CNY,,,
2025-08-14,支出,餐饮,,11.0,CNY,,,
2025-08-14,支出,餐饮,,12.0,CNY,,,
2025-08-13,支出,餐饮,,19.0,CNY,,,
2025-08-13,支出,餐饮,,13.5,CNY,,,
2025-08-13,支出,购物,,2.0,CNY,,,眼罩
2025-08-12,支出,餐饮,,10.7,CNY,,,
2025-08-12,支出,餐饮,,14.7,CNY,,,
2025-08-11,支出,餐饮,,14.4,CNY,,,
2025-08-11,支出,餐饮,,13.7,CNY,,,
2025-08-10,支出,买菜,,91.72,CNY,,,火锅
2025-08-09,支出,汽车,,16.0,CNY,,,停车
2025-08-09,支出,娱乐,,100.0,CNY,,,彩票
2025-08-09,支出,娱乐,,100.0,CNY,,,夹娃娃
2025-08-09,支出,餐饮,,235.0,CNY,,,
2025-08-09,支出,交通,,20.0,CNY,,,充电
2025-08-09,支出,餐饮,,21.6,CNY,,,
2025-08-09,支出,零食,,6.5,CNY,,,饮料
2025-08-08,支出,餐饮,,3.5,CNY,,,
2025-08-08,支出,餐饮,,13.5,CNY,,,
2025-08-08,支出,餐饮,,14.26,CNY,,,
2025-08-07,支出,购物,,80.0,CNY,,,米线
2025-08-07,支出,餐饮,,13.7,CNY,,,
2025-08-07,支出,买菜,,80.56,CNY,,,菜
2025-08-07,支出,餐饮,,13.5,CNY,,,
2025-08-06,支出,餐饮,,9.7,CNY,,,
2025-08-06,支出,零食,,7.0,CNY,,,饮料
2025-08-06,支出,餐饮,,13.04,CNY,,,
2025-08-05,支出,餐饮,,11.54,CNY,,,
2025-08-05,支出,水果,,35.35,CNY,,,水果
2025-08-05,支出,餐饮,,15.0,CNY,,,
2025-08-04,支出,餐饮,,34.0,CNY,,,
2025-08-04,支出,餐饮,,12.7,CNY,,,
2025-08-04,支出,交通,,2.0,CNY,,,公交
2025-08-04,支出,餐饮,,12.8,CNY,,,
2025-08-04,支出,通讯,,200.0,CNY,,,话费
2025-08-03,支出,餐饮,,14.9,CNY,,,
2025-08-03,支出,零食,,15.25,CNY,,,冰淇淋
2025-08-03,支出,餐饮,,21.0,CNY,,,
2025-08-03,支出,餐饮,,15.0,CNY,,,
2025-08-02,支出,餐饮,,27.8,CNY,,,
2025-08-02,支出,零食,,15.5,CNY,,,奶茶
2025-08-02,支出,餐饮,,12.98,CNY,,,
2025-08-02,支出,餐饮,,15.0,CNY,,,
2025-08-01,支出,餐饮,,11.8,CNY,,,
2025-08-01,支出,餐饮,,15.8,CNY,,,
2025-08-01,支出,餐饮,,13.0,CNY,,,
2025-08-01,支出,交通,,26.08,CNY,,,打车
2025-07-31,支出,餐饮,,18.9,CNY,,,
2025-07-31,支出,餐饮,,15.3,CNY,,,
2025-07-31,支出,餐饮,,28.0,CNY,,,
2025-07-31,支出,住房,,68.2,CNY,,,水费
2025-07-31,支出,交通,,8.8,CNY,,,打车
2025-07-30,支出,交通,,1.0,CNY,,,公交
2025-07-30,支出,餐饮,,20.47,CNY,,,
2025-07-30,支出,交通,,8.1,CNY,,,打车
2025-07-29,支出,餐饮,,7.42,CNY,,,
2025-07-28,支出,餐饮,,25.8,CNY,,,
2025-07-28,支出,餐饮,,12.08,CNY,,,
2025-07-28,支出,餐饮,,14.17,CNY,,,
2025-07-27,支出,餐饮,,15.0,CNY,,,
2025-07-27,支出,买菜,,85.34,CNY,,,
2025-07-26,支出,餐饮,,14.3,CNY,,,
2025-07-26,支出,零食,,11.7,CNY,,,奶茶
2025-07-25,支出,餐饮,,45.88,CNY,,,
2025-07-25,支出,零食,,17.5,CNY,,,奶茶
2025-07-25,支出,餐饮,,17.5,CNY,,,
2025-07-25,支出,零食,,21.5,CNY,,,奶茶
2025-07-25,支出,餐饮,,48.57,CNY,,,
2025-07-25,支出,餐饮,,15.8,CNY,,,
2025-07-25,支出,餐饮,,13.38,CNY,,,
2025-07-24,支出,餐饮,,10.6,CNY,,,
2025-07-24,支出,餐饮,,15.71,CNY,,,
2025-07-23,支出,餐饮,,20.88,CNY,,,
2025-07-23,支出,餐饮,,7.9,CNY,,,
2025-07-23,支出,餐饮,,16.6,CNY,,,
2025-07-22,支出,医疗,,23.33,CNY,,,秋梨膏
2025-07-22,支出,餐饮,,13.3,CNY,,,
2025-07-22,支出,餐饮,,16.8,CNY,,,
2025-07-21,支出,买菜,,55.42,CNY,,,
2025-07-21,支出,购物,,28.4,CNY,,,面包
2025-07-21,支出,医疗,,19.43,CNY,,,京都念慈庵
2025-07-21,支出,餐饮,,8.0,CNY,,,
2025-07-21,支出,餐饮,,10.3,CNY,,,
2025-07-21,支出,购物,,110.8,CNY,,,牛奶
2025-07-21,支出,购物,,22.0,CNY,,,面包
2025-07-21,支出,购物,,12.73,CNY,,,紫薯
2025-07-20,支出,医疗,,33.0,CNY,,,京都念慈庵
2025-07-20,支出,餐饮,,7.2,CNY,,,
2025-07-20,支出,餐饮,,12.2,CNY,,,
2025-07-20,支出,餐饮,,20.0,CNY,,,
2025-07-20,支出,餐饮,,10.1,CNY,,,
2025-07-20,支出,人情,,500.0,CNY,,,现金她
2025-07-20,支出,交通,,10.0,CNY,,,地铁
2025-07-20,支出,交通,,22.2,CNY,,,打车
2025-07-20,支出,人情,,54.8,CNY,,,玩具她
2025-07-20,支出,人情,,131.37,CNY,,,零食她
2025-07-20,支出,人情,,150.0,CNY,,,鞋她
2025-07-20,支出,人情,,305.0,CNY,,,麻辣烫
2025-07-20,支出,交通,,7.0,CNY,,,地铁
2025-07-20,支出,餐饮,,19.0,CNY,,,
2025-07-18,支出,餐饮,,10.8,CNY,,,
2025-07-18,支出,餐饮,,13.88,CNY,,,
2025-07-17,支出,医疗,,29.2,CNY,,,999
2025-07-17,支出,买菜,,44.66,CNY,,,
2025-07-17,支出,餐饮,,14.2,CNY,,,
2025-07-17,支出,餐饮,,19.8,CNY,,,
2025-07-17,支出,餐饮,,5.83,CNY,,,
2025-07-16,支出,水果,,31.54,CNY,,,
2025-07-16,支出,餐饮,,9.9,CNY,,,
2025-07-16,支出,餐饮,,10.6,CNY,,,
2025-07-15,支出,购物,,278.8,CNY,,,枕头
2025-07-15,支出,购物,,1.43,CNY,,,胶水
2025-07-15,支出,医疗,,21.84,CNY,,,创口贴
2025-07-15,支出,人情,,48.2,CNY,,,洗面奶
2025-07-15,支出,医疗,,20.57,CNY,,,药膏
2025-07-15,支出,医疗,,34.42,CNY,,,维c
2025-07-15,支出,餐饮,,10.4,CNY,,,
2025-07-15,支出,餐饮,,18.66,CNY,,,
2025-07-14,支出,买菜,,74.0,CNY,,,
2025-07-14,支出,汽车,,500.0,CNY,,,油
2025-07-14,支出,餐饮,,10.0,CNY,,,
2025-07-14,支出,餐饮,,20.77,CNY,,,
2025-07-13,支出,购物,,169.0,CNY,,,枕头
2025-07-13,支出,餐饮,,20.0,CNY,,,
2025-07-13,支出,零食,,4.5,CNY,,,饮料
2025-07-12,支出,汽车,,26.0,CNY,,,高速
2025-07-12,支出,零食,,5.02,CNY,,,饮料
2025-07-12,支出,零食,,5.8,CNY,,,面包
2025-07-12,支出,餐饮,,6.8,CNY,,,
2025-07-12,支出,零食,,10.52,CNY,,,饮料
2025-07-12,支出,餐饮,,1.9,CNY,,,
2025-07-12,支出,零食,,8.51,CNY,,,饮料
2025-07-12,支出,汽车,,200.0,CNY,,,油
2025-07-12,支出,汽车,,420.0,CNY,,,停车
2025-07-12,支出,餐饮,,0.9,CNY,,,
2025-07-12,支出,餐饮,,15.34,CNY,,,
2025-07-12,支出,零食,,12.81,CNY,,,饮料
2025-07-12,支出,餐饮,,1.9,CNY,,,
2025-07-12,支出,零食,,12.29,CNY,,,饮料
2025-07-12,支出,人情,,120.0,CNY,,,二姨
2025-07-12,支出,人情,,155.9,CNY,,,二姨
2025-07-11,支出,餐饮,,24.0,CNY,,,
2025-07-11,支出,交通,,3.0,CNY,,,地铁
2025-07-11,支出,餐饮,,24.0,CNY,,,
2025-07-11,支出,餐饮,,5.0,CNY,,,
2025-07-10,支出,餐饮,,22.8,CNY,,,
2025-07-10,支出,餐饮,,17.0,CNY,,,
2025-07-10,支出,餐饮,,15.0,CNY,,,
2025-07-10,支出,餐饮,,15.8,CNY,,,
2025-07-09,支出,餐饮,,12.4,CNY,,,
2025-07-09,支出,餐饮,,15.0,CNY,,,
2025-07-09,支出,餐饮,,23.0,CNY,,,
2025-07-09,支出,餐饮,,4.0,CNY,,,
2025-07-08,支出,餐饮,,8.9,CNY,,,
2025-07-08,支出,餐饮,,11.9,CNY,,,
2025-07-08,支出,餐饮,,15.0,CNY,,,
2025-07-07,支出,餐饮,,15.48,CNY,,,
2025-07-07,支出,餐饮,,19.5,CNY,,,
2025-07-07,支出,餐饮,,9.84,CNY,,,
2025-07-06,支出,人情,,200.0,CNY,,,梦琪
2025-07-06,支出,餐饮,,80.0,CNY,,,
2025-07-05,支出,住房,,5850.0,CNY,,,房租
2025-07-05,支出,零食,,11.3,CNY,,,饮料
2025-07-05,支出,餐饮,,374.0,CNY,,,
2025-07-04,支出,餐饮,,19.5,CNY,,,
2025-07-04,支出,餐饮,,13.2,CNY,,,
2025-07-03,支出,餐饮,,10.5,CNY,,,
2025-07-02,支出,买菜,,47.57,CNY,,,
2025-07-02,支出,餐饮,,13.1,CNY,,,
2025-07-01,支出,餐饮,,24.0,CNY,,,
2025-06-29,支出,买菜,,74.21,CNY,,,
2025-06-28,支出,餐饮,,27.0,CNY,,,
2025-06-28,支出,购物,,25.0,CNY,,,表带
2025-06-28,支出,餐饮,,4.1,CNY,,,
2025-06-28,支出,餐饮,,46.5,CNY,,,蛋糕
2025-06-28,支出,购物,,321.0,CNY,,,眼镜
2025-06-27,支出,餐饮,,10.2,CNY,,,
2025-06-27,支出,餐饮,,14.0,CNY,,,
2025-06-26,支出,人情,,300.0,CNY,,,老大
2025-06-26,支出,餐饮,,20.0,CNY,,,
2025-06-26,支出,餐饮,,13.2,CNY,,,
2025-06-25,支出,餐饮,,10.5,CNY,,,
2025-06-24,支出,零食,,8.0,CNY,,,水
2025-06-24,支出,餐饮,,9.6,CNY,,,
2025-06-23,支出,餐饮,,13.5,CNY,,,
2025-06-23,支出,交通,,8.8,CNY,,,打车
2025-06-22,支出,买菜,,41.7,CNY,,,
2025-06-21,支出,购物,,368.76,CNY,,,
2025-06-21,支出,餐饮,,120.0,CNY,,,
2025-06-20,支出,餐饮,,11.5,CNY,,,
2025-06-19,支出,买菜,,45.0,CNY,,,
2025-06-19,支出,餐饮,,10.5,CNY,,,
2025-06-18,支出,人情,,200.0,CNY,,,梦琪
2025-06-18,支出,餐饮,,8.9,CNY,,,
2025-06-17,支出,购物,,3300.0,CNY,,,机器人
2025-06-17,支出,餐饮,,14.0,CNY,,,
2025-06-16,支出,买菜,,53.8,CNY,,,
2025-06-16,支出,餐饮,,9.6,CNY,,,
2025-06-14,支出,汽车,,8.0,CNY,,,停车
2025-06-14,支出,餐饮,,53.6,CNY,,,
2025-06-13,支出,交通,,60.0,CNY,,,充电
2025-06-13,支出,交通,,10.0,CNY,,,打车
2025-06-13,支出,餐饮,,13.0,CNY,,,
2025-06-12,支出,餐饮,,40.0,CNY,,,麻辣兔头
2025-06-12,支出,餐饮,,9.37,CNY,,,
2025-06-12,支出,住房,,150.0,CNY,,,电费
2025-06-12,支出,住房,,76.0,CNY,,,燃气
2025-06-12,支出,买菜,,60.0,CNY,,,会员
2025-06-11,支出,购物,,89.8,CNY,,,油
2025-06-11,支出,买菜,,82.88,CNY,,,
2025-06-11,支出,餐饮,,13.5,CNY,,,
2025-06-10,支出,餐饮,,12.0,CNY,,,
2025-06-09,支出,买菜,,47.42,CNY,,,
2025-06-09,支出,餐饮,,13.5,CNY,,,
2025-06-06,支出,餐饮,,31.7,CNY,,,
2025-06-06,支出,餐饮,,13.8,CNY,,,
2025-06-06,支出,餐饮,,20.0,CNY,,,
2025-06-05,支出,餐饮,,29.0,CNY,,,
2025-06-05,支出,餐饮,,20.0,CNY,,,
2025-06-05,支出,餐饮,,18.0,CNY,,,
2025-06-04,支出,餐饮,,14.0,CNY,,,
2025-06-04,支出,餐饮,,21.5,CNY,,,
2025-06-03,支出,餐饮,,21.7,CNY,,,
2025-06-03,支出,零食,,118.0,CNY,,,奶茶
2025-06-03,支出,零食,,400.0,CNY,,,零食
2025-06-03,支出,餐饮,,9.5,CNY,,,
2025-06-03,支出,餐饮,,10.6,CNY,,,
2025-05-31,支出,交通,,10.0,CNY,,,地铁
2025-05-31,支出,买菜,,12.0,CNY,,,
2025-05-31,支出,买菜,,18.8,CNY,,,
2025-05-31,支出,买菜,,349.0,CNY,,,
2025-05-31,支出,买菜,,71.0,CNY,,,菜
2025-05-31,支出,买菜,,10.0,CNY,,,饮料
2025-05-31,支出,交通,,14.0,CNY,,,地铁
2025-05-31,支出,买菜,,78.0,CNY,,,啤酒
2025-05-31,支出,买菜,,4.5,CNY,,,大馍
2025-05-31,支出,买菜,,35.0,CNY,,,
2025-05-30,支出,餐饮,,81.0,CNY,,,
2025-05-30,支出,餐饮,,17.0,CNY,,,
2025-05-30,支出,餐饮,,14.86,CNY,,,
2025-05-29,支出,交通,,3.0,CNY,,,地铁
2025-05-29,支出,餐饮,,23.9,CNY,,,
2025-05-29,支出,餐饮,,14.86,CNY,,,
2025-05-29,支出,购物,,6.0,CNY,,,寄快递
2025-05-29,支出,餐饮,,16.0,CNY,,,
2025-05-28,支出,买菜,,50.5,CNY,,,
2025-05-28,支出,餐饮,,20.0,CNY,,,
2025-05-28,支出,餐饮,,34.6,CNY,,,
2025-05-28,支出,餐饮,,11.7,CNY,,,
2025-05-28,支出,餐饮,,12.14,CNY,,,
2025-05-27,支出,住房,,64.5,CNY,,,水
2025-05-27,支出,餐饮,,30.0,CNY,,,
2025-05-27,支出,餐饮,,3.0,CNY,,,
2025-05-27,支出,购物,,2.0,CNY,,,
2025-05-27,支出,餐饮,,9.14,CNY,,,
2025-05-26,支出,餐饮,,26.6,CNY,,,
2025-05-26,支出,餐饮,,14.2,CNY,,,
2025-05-26,支出,交通,,17.8,CNY,,,打车
2025-05-26,支出,购物,,2.0,CNY,,,纸
2025-05-26,支出,餐饮,,16.28,CNY,,,
2025-05-26,支出,餐饮,,16.2,CNY,,,
2025-05-26,支出,交通,,22.1,CNY,,,打车
2025-05-25,支出,零食,,60.0,CNY,,,面包
2025-05-25,支出,零食,,20.0,CNY,,,奶茶
2025-05-25,支出,餐饮,,22.0,CNY,,,锅盔
2025-05-25,支出,零食,,38.78,CNY,,,
2025-05-25,支出,餐饮,,54.0,CNY,,,
2025-05-24,支出,餐饮,,298.0,CNY,,,蛋糕
2025-05-24,支出,餐饮,,171.39,CNY,,,
2025-05-24,支出,餐饮,,40.0,CNY,,,
2025-05-23,支出,餐饮,,97.46,CNY,,,精油
2025-05-23,支出,购物,,129.0,CNY,,,裤子
2025-05-23,支出,人情,,300.0,CNY,,,老二
2025-05-23,支出,餐饮,,20.5,CNY,,,
2025-05-22,支出,买菜,,50.0,CNY,,,
2025-05-22,支出,餐饮,,10.0,CNY,,,
2025-05-22,支出,餐饮,,16.0,CNY,,,
2025-05-21,支出,餐饮,,22.8,CNY,,,
2025-05-21,支出,餐饮,,190.0,CNY,,,
2025-05-21,支出,餐饮,,13.3,CNY,,,
2025-05-21,支出,餐饮,,22.8,CNY,,,
2025-05-21,支出,交通,,7.6,CNY,,,打车
2025-05-20,支出,餐饮,,69.0,CNY,,,
2025-05-20,支出,餐饮,,14.2,CNY,,,
2025-05-20,支出,餐饮,,16.2,CNY,,,
2025-05-19,支出,人情,,152.17,CNY,,,面膜她
2025-05-19,支出,购物,,8622.98,CNY,,,
2025-05-19,支出,汽车,,4300.0,CNY,,,保险
2025-05-19,支出,餐饮,,26.0,CNY,,,
2025-05-19,支出,餐饮,,25.0,CNY,,,
2025-05-19,支出,餐饮,,14.3,CNY,,,
2025-05-19,支出,餐饮,,13.9,CNY,,,
2025-05-18,支出,餐饮,,23.0,CNY,,,
2025-05-18,支出,交通,,4.0,CNY,,,地铁
2025-05-18,支出,餐饮,,25.0,CNY,,,
2025-05-17,支出,餐饮,,23.0,CNY,,,
2025-05-17,支出,餐饮,,22.5,CNY,,,
2025-05-17,支出,购物,,30.0,CNY,,,花
2025-05-16,支出,餐饮,,9.5,CNY,,,
2025-05-16,支出,餐饮,,14.46,CNY,,,
2025-05-15,支出,餐饮,,33.0,CNY,,,
2025-05-15,支出,餐饮,,57.0,CNY,,,
2025-05-15,支出,餐饮,,16.03,CNY,,,
2025-05-14,支出,餐饮,,55.0,CNY,,,
2025-05-14,支出,餐饮,,10.36,CNY,,,
2025-05-14,支出,餐饮,,10.42,CNY,,,
2025-05-13,支出,餐饮,,82.0,CNY,,,
2025-05-13,支出,餐饮,,9.5,CNY,,,
2025-05-13,支出,餐饮,,14.6,CNY,,,
2025-05-12,支出,餐饮,,13.9,CNY,,,
2025-05-12,支出,餐饮,,21.0,CNY,,,
2025-05-11,支出,餐饮,,16.5,CNY,,,
2025-05-11,支出,餐饮,,3.0,CNY,,,
2025-05-11,支出,餐饮,,22.0,CNY,,,
2025-05-11,支出,餐饮,,13.6,CNY,,,
2025-05-10,支出,餐饮,,28.0,CNY,,,
2025-05-10,支出,餐饮,,18.0,CNY,,,
2025-05-10,支出,餐饮,,24.6,CNY,,,
2025-05-10,支出,餐饮,,22.0,CNY,,,
2025-05-10,支出,人情,,300.0,CNY,,,二姨
2025-05-10,支出,人情,,500.0,CNY,,,她
2025-05-09,支出,餐饮,,19.6,CNY,,,
2025-05-09,支出,餐饮,,14.5,CNY,,,
2025-05-09,支出,餐饮,,17.2,CNY,,,
2025-05-08,支出,餐饮,,16.0,CNY,,,
2025-05-08,支出,餐饮,,33.5,CNY,,,
2025-05-08,支出,餐饮,,17.2,CNY,,,
2025-05-07,支出,餐饮,,26.0,CNY,,,
2025-05-07,支出,餐饮,,17.0,CNY,,,
2025-05-07,支出,交通,,30.0,CNY,,,充电
2025-05-07,支出,餐饮,,16.6,CNY,,,
2025-05-07,支出,餐饮,,24.68,CNY,,,
2025-05-07,支出,餐饮,,14.2,CNY,,,
2025-05-06,支出,购物,,22.89,CNY,,,表带
2025-05-06,支出,餐饮,,16.5,CNY,,,
2025-05-06,支出,餐饮,,24.71,CNY,,,
2025-05-06,支出,零食,,12.9,CNY,,,饮料
2025-05-06,支出,餐饮,,9.3,CNY,,,
2025-05-05,支出,餐饮,,207.0,CNY,,,
2025-05-05,支出,购物,,15.14,CNY,,,吸顶灯
2025-05-05,支出,住房,,5.0,CNY,,,电
2025-05-05,支出,餐饮,,24.68,CNY,,,
2025-05-05,支出,餐饮,,16.0,CNY,,,
2025-05-04,支出,餐饮,,17.6,CNY,,,
2025-05-04,支出,餐饮,,32.6,CNY,,,
2025-05-04,支出,餐饮,,21.46,CNY,,,
2025-05-03,支出,交通,,1.0,CNY,,,充电
2025-05-03,支出,零食,,134.0,CNY,,,雪糕
2025-05-03,支出,餐饮,,46.0,CNY,,,
2025-05-03,支出,零食,,4.0,CNY,,,蛋卷
2025-05-03,支出,餐饮,,23.8,CNY,,,
2025-05-03,支出,人情,,666.0,CNY,,,田冰冰
2025-05-02,支出,住房,,5.0,CNY,,,电
2025-05-02,支出,餐饮,,12.0,CNY,,,
2025-05-02,支出,餐饮,,25.0,CNY,,,
2025-05-02,支出,餐饮,,13.0,CNY,,,
2025-05-02,支出,餐饮,,10.0,CNY,,,
2025-05-02,支出,人情,,54.0,CNY,,,防晒她
2025-05-01,支出,餐饮,,17.8,CNY,,,
2025-05-01,支出,餐饮,,17.88,CNY,,,
2025-05-01,支出,买菜,,93.04,CNY,,,
2025-05-01,支出,餐饮,,30.8,CNY,,,
2025-05-01,支出,餐饮,,27.8,CNY,,,
2025-04-30,支出,餐饮,,12.8,CNY,,,
2025-04-30,支出,餐饮,,8.0,CNY,,,
2025-04-29,支出,买菜,,12.6,CNY,,,
2025-04-29,支出,餐饮,,10.4,CNY,,,
2025-04-29,支出,餐饮,,16.9,CNY,,,
2025-04-28,支出,餐饮,,10.2,CNY,,,
2025-04-28,支出,餐饮,,12.8,CNY,,,
2025-04-27,支出,餐饮,,14.7,CNY,,,
2025-04-26,支出,餐饮,,60.5,CNY,,,
2025-04-26,支出,娱乐,,110.0,CNY,,,夹娃娃
2025-04-26,支出,餐饮,,154.0,CNY,,,
2025-04-26,支出,娱乐,,100.0,CNY,,,彩票
2025-04-26,支出,餐饮,,11.0,CNY,,,早餐包子猪吃的
2025-04-26,支出,汽车,,1481.0,CNY,,,保养
2025-04-25,支出,餐饮,,19.0,CNY,,,
2025-04-25,支出,餐饮,,18.78,CNY,,,
2025-04-24,支出,餐饮,,110.3,CNY,,,
2025-04-24,支出,餐饮,,249.0,CNY,,,
2025-04-24,支出,餐饮,,15.3,CNY,,,
2025-04-24,支出,购物,,929.0,CNY,,,金豆子
2025-04-24,支出,餐饮,,21.78,CNY,,,
2025-04-23,支出,购物,,339.0,CNY,,,手环
2025-04-23,支出,餐饮,,12.0,CNY,,,
2025-04-22,支出,餐饮,,29.5,CNY,,,
2025-04-22,支出,餐饮,,23.66,CNY,,,
2025-04-21,支出,餐饮,,145.7,CNY,,,
2025-04-21,支出,餐饮,,13.8,CNY,,,
2025-04-21,支出,餐饮,,19.38,CNY,,,
2025-04-20,支出,餐饮,,25.88,CNY,,,
2025-04-20,支出,餐饮,,27.8,CNY,,,
2025-04-20,支出,餐饮,,17.8,CNY,,,
2025-04-19,支出,零食,,76.0,CNY,,,饮料
2025-04-19,支出,水果,,74.08,CNY,,,水果
2025-04-19,支出,餐饮,,29.3,CNY,,,
2025-04-19,支出,零食,,13.35,CNY,,,冰淇淋
2025-04-19,支出,餐饮,,22.0,CNY,,,
2025-04-19,支出,汽车,,58.0,CNY,,,机滤
2025-04-19,支出,买菜,,153.32,CNY,,,
2025-04-18,支出,餐饮,,64.28,CNY,,,
2025-04-18,支出,餐饮,,21.08,CNY,,,
2025-04-17,支出,餐饮,,55.3,CNY,,,
2025-04-17,支出,住房,,84.56,CNY,,,燃气
2025-04-17,支出,餐饮,,20.0,CNY,,,
2025-04-17,支出,餐饮,,5.0,CNY,,,
2025-04-16,支出,餐饮,,13.0,CNY,,,
2025-04-16,支出,餐饮,,5.0,CNY,,,
2025-04-15,支出,餐饮,,22.08,CNY,,,
2025-04-14,支出,买菜,,50.59,CNY,,,
2025-04-14,支出,餐饮,,20.0,CNY,,,
2025-04-14,支出,餐饮,,196.0,CNY,,,
2025-04-14,支出,餐饮,,22.0,CNY,,,
2025-04-13,支出,餐饮,,17.5,CNY,,,
2025-04-13,支出,餐饮,,20.0,CNY,,,
2025-04-12,支出,餐饮,,17.0,CNY,,,
2025-04-12,支出,人情,,46.8,CNY,,,树
2025-04-12,支出,买菜,,49.47,CNY,,,
2025-04-12,支出,餐饮,,21.4,CNY,,,
2025-04-11,支出,餐饮,,26.84,CNY,,,
2025-04-11,支出,餐饮,,11.9,CNY,,,
2025-04-10,支出,购物,,120.0,CNY,,,内衣
2025-04-10,支出,购物,,30.0,CNY,,,咖啡
2025-04-10,支出,购物,,38.0,CNY,,,卸妆棉
2025-04-10,支出,购物,,60.0,CNY,,,头盔
2025-04-10,支出,餐饮,,21.7,CNY,,,
2025-04-10,支出,餐饮,,15.9,CNY,,,
2025-04-09,支出,购物,,49.0,CNY,,,快递费
2025-04-09,支出,餐饮,,65.0,CNY,,,
2025-04-09,支出,餐饮,,22.0,CNY,,,
2025-04-08,支出,餐饮,,80.0,CNY,,,
2025-04-08,支出,餐饮,,20.21,CNY,,,
2025-04-07,支出,购物,,25.9,CNY,,,剪头发
2025-04-07,支出,娱乐,,45.8,CNY,,,导球
2025-04-07,支出,餐饮,,27.0,CNY,,,
2025-04-07,支出,餐饮,,15.9,CNY,,,
2025-04-07,支出,交通,,2.0,CNY,,,充电
2025-04-06,支出,购物,,12.58,CNY,,,一次性手套
2025-04-06,支出,购物,,132.13,CNY,,,外套
2025-04-06,支出,人情,,94.6,CNY,,,钙片
2025-04-06,支出,购物,,130.35,CNY,,,卫衣
2025-04-06,支出,购物,,135.07,CNY,,,裤子
2025-04-06,支出,购物,,54.9,CNY,,,小皮鞋
2025-04-06,支出,购物,,119.74,CNY,,,裤子
2025-04-06,支出,购物,,67.98,CNY,,,裤子
2025-04-06,支出,购物,,71.13,CNY,,,短袖
2025-04-06,支出,零食,,12.7,CNY,,,蜜雪
2025-04-05,支出,零食,,7.5,CNY,,,饮料
2025-04-05,支出,餐饮,,6.0,CNY,,,
2025-04-05,支出,餐饮,,44.0,CNY,,,
2025-04-05,支出,交通,,10.0,CNY,,,地铁
2025-04-05,支出,医疗,,165.0,CNY,,,买药
2025-04-05,支出,零食,,13.5,CNY,,,饮料
2025-04-05,支出,餐饮,,98.4,CNY,,,
2025-04-04,支出,交通,,3.0,CNY,,,地铁
2025-04-04,支出,娱乐,,100.0,CNY,,,夹娃娃
2025-04-04,支出,餐饮,,330.0,CNY,,,
2025-04-04,支出,娱乐,,58.9,CNY,,,导球
2025-04-04,支出,餐饮,,34.9,CNY,,,
2025-04-04,支出,餐饮,,73.0,CNY,,,
2025-04-04,支出,交通,,3.0,CNY,,,地铁
2025-04-03,支出,餐饮,,51.0,CNY,,,
2025-04-03,支出,餐饮,,14.7,CNY,,,
2025-04-03,支出,餐饮,,2.3,CNY,,,
2025-04-03,支出,餐饮,,17.1,CNY,,,
2025-04-03,支出,餐饮,,35.37,CNY,,,
2025-04-03,支出,餐饮,,15.0,CNY,,,
2025-04-03,支出,餐饮,,22.08,CNY,,,
2025-04-02,支出,餐饮,,12.0,CNY,,,
2025-04-02,支出,餐饮,,10.0,CNY,,,
2025-04-02,支出,餐饮,,10.0,CNY,,,
2025-04-02,支出,餐饮,,17.0,CNY,,,
2025-04-01,支出,购物,,84.15,CNY,,,耳机
2025-04-01,支出,餐饮,,12.0,CNY,,,
2025-04-01,支出,餐饮,,18.0,CNY,,,
2025-04-01,支出,餐饮,,16.0,CNY,,,
2025-04-01,支出,餐饮,,19.0,CNY,,,
2025-03-31,支出,餐饮,,28.66,CNY,,,
2025-03-31,支出,餐饮,,18.0,CNY,,,
2025-03-31,支出,餐饮,,14.0,CNY,,,
2025-03-30,支出,住房,,64.03,CNY,,,水
2025-03-30,支出,汽车,,420.0,CNY,,,停车
2025-03-30,支出,汽车,,6.0,CNY,,,停车
2025-03-30,支出,零食,,124.75,CNY,,,
2025-03-30,支出,餐饮,,9.0,CNY,,,
2025-03-30,支出,餐饮,,16.0,CNY,,,
2025-03-30,支出,餐饮,,16.0,CNY,,,
2025-03-30,支出,餐饮,,20.0,CNY,,,
2025-03-30,支出,汽车,,200.0,CNY,,,油
2025-03-29,支出,餐饮,,21.9,CNY,,,
2025-03-29,支出,餐饮,,22.8,CNY,,,
2025-03-28,支出,餐饮,,17.0,CNY,,,
2025-03-28,支出,餐饮,,12.0,CNY,,,
2025-03-28,支出,餐饮,,5.0,CNY,,,
2025-03-27,支出,餐饮,,4.5,CNY,,,
2025-03-27,支出,餐饮,,17.0,CNY,,,
2025-03-27,支出,餐饮,,95.7,CNY,,,
2025-03-27,支出,餐饮,,19.0,CNY,,,
2025-03-26,支出,餐饮,,200.0,CNY,,,
2025-03-26,支出,餐饮,,18.0,CNY,,,
2025-03-26,支出,餐饮,,37.4,CNY,,,
2025-03-25,支出,交通,,15.0,CNY,,,地铁
2025-03-25,支出,餐饮,,36.9,CNY,,,
2025-03-25,支出,餐饮,,10.0,CNY,,,
2025-03-25,支出,餐饮,,16.0,CNY,,,
2025-03-24,支出,餐饮,,36.0,CNY,,,
2025-03-24,支出,餐饮,,21.0,CNY,,,
2025-03-23,支出,零食,,152.24,CNY,,,
2025-03-23,支出,餐饮,,27.0,CNY,,,
2025-03-23,支出,交通,,7.0,CNY,,,地铁
2025-03-23,支出,餐饮,,15.0,CNY,,,
2025-03-22,支出,餐饮,,21.0,CNY,,,
2025-03-21,支出,餐饮,,27.4,CNY,,,
2025-03-21,支出,餐饮,,17.0,CNY,,,
2025-03-20,支出,餐饮,,18.8,CNY,,,
2025-03-20,支出,餐饮,,19.31,CNY,,,
2025-03-20,支出,餐饮,,6.0,CNY,,,
2025-03-20,支出,购物,,720.0,CNY,,,眼镜
2025-03-19,支出,餐饮,,41.9,CNY,,,
2025-03-19,支出,餐饮,,18.0,CNY,,,
2025-03-18,支出,购物,,35.0,CNY,,,零食
2025-03-18,支出,餐饮,,18.0,CNY,,,
2025-03-18,支出,餐饮,,31.0,CNY,,,
2025-03-18,支出,餐饮,,19.5,CNY,,,
2025-03-18,支出,餐饮,,18.0,CNY,,,
2025-03-17,支出,餐饮,,18.0,CNY,,,
2025-03-16,支出,买菜,,38.53,CNY,,,
2025-03-16,支出,交通,,5.0,CNY,,,充电
2025-03-16,支出,餐饮,,21.98,CNY,,,
2025-03-15,支出,住房,,390.0,CNY,,,喝水
2025-03-15,支出,餐饮,,34.5,CNY,,,
2025-03-15,支出,餐饮,,23.0,CNY,,,
2025-03-15,支出,餐饮,,19.0,CNY,,,
2025-03-14,支出,餐饮,,11.0,CNY,,,
2025-03-14,支出,餐饮,,28.0,CNY,,,
2025-03-14,支出,餐饮,,16.0,CNY,,,
2025-03-14,支出,购物,,14.68,CNY,,,
2025-03-14,支出,餐饮,,5.0,CNY,,,
2025-03-13,支出,餐饮,,22.64,CNY,,,
2025-03-13,支出,零食,,5.0,CNY,,,饮料
2025-03-13,支出,餐饮,,18.0,CNY,,,
2025-03-13,支出,餐饮,,23.48,CNY,,,
2025-03-12,支出,餐饮,,16.0,CNY,,,
2025-03-11,支出,餐饮,,18.0,CNY,,,
2025-03-10,支出,餐饮,,18.0,CNY,,,
2025-03-09,支出,人情,,500.0,CNY,,,亚楠
2025-03-09,支出,餐饮,,19.0,CNY,,,
2025-03-09,支出,交通,,3.8,CNY,,,地铁
2025-03-08,支出,交通,,5.0,CNY,,,地铁
2025-03-08,支出,餐饮,,222.0,CNY,,,火锅
2025-03-08,支出,交通,,10.0,CNY,,,充地铁
2025-03-08,支出,交通,,3.8,CNY,,,地铁
2025-03-08,支出,汽车,,20.0,CNY,,,洗车
2025-03-07,支出,餐饮,,11.0,CNY,,,
2025-03-07,支出,餐饮,,26.0,CNY,,,
2025-03-07,支出,餐饮,,9.0,CNY,,,
2025-03-07,支出,人情,,26.8,CNY,,,丝巾
2025-03-07,支出,餐饮,,14.0,CNY,,,
2025-03-06,支出,餐饮,,16.0,CNY,,,
2025-03-05,支出,购物,,260.0,CNY,,,牙膏，等
2025-03-05,支出,购物,,1500.0,CNY,,,
2025-03-05,支出,交通,,10.0,CNY,,,充电
2025-03-05,支出,餐饮,,12.0,CNY,,,
2025-03-04,支出,餐饮,,14.0,CNY,,,
2025-03-03,支出,餐饮,,16.0,CNY,,,
2025-03-03,支出,交通,,8.28,CNY,,,打车
2025-03-01,支出,餐饮,,20.0,CNY,,,
2025-03-01,支出,零食,,181.0,CNY,,,零食
2025-03-01,支出,零食,,16.0,CNY,,,奶茶
2025-03-01,支出,零食,,5.0,CNY,,,饮料
2025-03-01,支出,餐饮,,45.9,CNY,,,
2025-02-28,支出,餐饮,,16.0,CNY,,,
2025-02-27,支出,餐饮,,16.0,CNY,,,
2025-02-26,支出,餐饮,,14.0,CNY,,,
2025-02-25,支出,餐饮,,10.0,CNY,,,
2025-02-25,支出,餐饮,,12.0,CNY,,,
2025-02-25,支出,餐饮,,14.0,CNY,,,
2025-02-24,支出,餐饮,,21.1,CNY,,,
2025-02-24,支出,交通,,1.0,CNY,,,充电
2025-02-24,支出,餐饮,,15.0,CNY,,,
2025-02-23,支出,餐饮,,16.0,CNY,,,
2025-02-22,支出,餐饮,,11.9,CNY,,,
2025-02-22,支出,餐饮,,15.4,CNY,,,
2025-02-22,支出,交通,,2.0,CNY,,,充电
2025-02-21,支出,餐饮,,21.6,CNY,,,
2025-02-21,支出,餐饮,,20.0,CNY,,,
2025-02-21,支出,餐饮,,17.0,CNY,,,
2025-02-20,支出,交通,,2.0,CNY,,,充电
2025-02-20,支出,餐饮,,25.0,CNY,,,
2025-02-20,支出,餐饮,,25.78,CNY,,,
2025-02-20,支出,餐饮,,21.0,CNY,,,
2025-02-19,支出,餐饮,,15.3,CNY,,,
2025-02-19,支出,餐饮,,21.3,CNY,,,
2025-02-19,支出,住房,,11450.0,CNY,,,房租
2025-02-19,支出,交通,,3.0,CNY,,,充电
2025-02-19,支出,医疗,,222.7,CNY,,,体检
2025-02-18,支出,餐饮,,15.4,CNY,,,
2025-02-18,支出,餐饮,,25.7,CNY,,,
2025-02-18,支出,购物,,9.0,CNY,,,打印
2025-02-18,支出,住房,,60.78,CNY,,,燃气
2025-02-17,支出,交通,,1.0,CNY,,,
2025-02-17,支出,购物,,29.8,CNY,,,雨衣
2025-02-16,支出,零食,,123.0,CNY,,,
2025-02-16,支出,交通,,5.85,CNY,,,地铁
2025-02-16,支出,交通,,5.85,CNY,,,地铁
2025-02-16,支出,人情,,500.0,CNY,,,梦琪
2025-02-15,支出,零食,,28.6,CNY,,,
2025-02-15,支出,汽车,,272.0,CNY,,,喷漆
2025-02-14,支出,零食,,25.0,CNY,,,面包
2025-02-14,支出,买菜,,98.74,CNY,,,
2025-02-14,支出,零食,,108.9,CNY,,,蛋糕
2025-02-14,支出,零食,,11.2,CNY,,,奶茶
2025-02-14,支出,餐饮,,10.0,CNY,,,锅盔
2025-02-13,支出,购物,,51.13,CNY,,,护发精油
2025-02-13,支出,购物,,350.0,CNY,,,洗衣机
2025-02-12,支出,买菜,,79.0,CNY,,,
2025-02-10,支出,交通,,1.0,CNY,,,
2025-02-09,支出,买菜,,47.81,CNY,,,
2025-02-08,支出,餐饮,,6.5,CNY,,,泡面
2025-02-07,支出,人情,,1000.0,CNY,,,师姐
2025-02-07,支出,购物,,192.0,CNY,,,笔记本电池
2025-02-07,支出,购物,,9.79,CNY,,,眼镜防滑
2025-02-06,支出,餐饮,,300.0,CNY,,,饭卡
2025-02-06,支出,住房,,35.0,CNY,,,电费
2025-02-05,支出,交通,,1.0,CNY,,,
2025-02-05,支出,买菜,,45.5,CNY,,,
2025-02-05,支出,餐饮,,12.5,CNY,,,
2025-02-04,支出,交通,,1.43,CNY,,,地铁
2025-02-04,支出,交通,,2.85,CNY,,,地铁
2025-02-04,支出,交通,,10.0,CNY,,,充地铁
2025-02-04,支出,交通,,1.43,CNY,,,地铁
2025-02-04,支出,零食,,26.7,CNY,,,奶茶
2025-02-04,支出,娱乐,,85.0,CNY,,,电影
2025-02-01,支出,人情,,1000.0,CNY,,,舅她，大娘
2025-02-01,支出,人情,,1066.0,CNY,,,出礼她
2025-01-31,支出,人情,,41.0,CNY,,,小店炮
2025-01-30,支出,购物,,24.0,CNY,,,饮料
2025-01-30,支出,汽车,,402.36,CNY,,,油
2025-01-29,支出,购物,,110.0,CNY,,,炮
2025-01-29,支出,人情,,500.0,CNY,,,梦琪
2025-01-29,支出,人情,,50.0,CNY,,,发红包她
2025-01-29,支出,购物,,39.0,CNY,,,饮料
2025-01-28,支出,人情,,500.0,CNY,,,崔瑞
2025-01-28,支出,人情,,2310.0,CNY,,,酒
2025-01-27,支出,人情,,13.58,CNY,,,家灯
2025-01-27,支出,人情,,300.0,CNY,,,二姨她
2025-01-27,支出,人情,,2000.0,CNY,,,
2025-01-27,支出,人情,,1000.0,CNY,,,下礼她
2025-01-27,支出,人情,,300.0,CNY,,,四老
2025-01-27,支出,人情,,500.0,CNY,,,小虎她
2025-01-27,支出,汽车,,55.1,CNY,,,高速
2025-01-27,支出,住房,,71.57,CNY,,,水费
2025-01-27,支出,人情,,29.5,CNY,,,手机壳钢化膜
2025-01-26,支出,汽车,,55.1,CNY,,,高速
2025-01-24,支出,餐饮,,3.0,CNY,,,馒头
2025-01-24,支出,汽车,,60.8,CNY,,,高速
2025-01-24,支出,汽车,,127.0,CNY,,,高速
2025-01-24,支出,餐饮,,8.5,CNY,,,
2025-01-24,支出,汽车,,315.0,CNY,,,油
2025-01-24,支出,零食,,21.5,CNY,,,饮料
2025-01-23,支出,购物,,52.0,CNY,,,烟
2025-01-23,支出,餐饮,,15.0,CNY,,,
2025-01-22,支出,餐饮,,75.72,CNY,,,菜
2025-01-21,支出,餐饮,,18.98,CNY,,,
2025-01-21,支出,餐饮,,21.7,CNY,,,
2025-01-20,支出,汽车,,12.0,CNY,,,玻璃水
2025-01-20,支出,购物,,162.5,CNY,,,坚果
2025-01-20,支出,购物,,7.6,CNY,,,发箍
2025-01-20,支出,购物,,16.15,CNY,,,亲嘴烧
2025-01-20,支出,购物,,69.8,CNY,,,奶茶
2025-01-20,支出,购物,,59.8,CNY,,,米粉菜蛋
2025-01-20,支出,购物,,70.6,CNY,,,百醇
2025-01-20,支出,购物,,28.79,CNY,,,鸡腿
2025-01-20,支出,购物,,23.12,CNY,,,魔芋爽
2025-01-20,支出,购物,,14.8,CNY,,,紫皮糖
2025-01-20,支出,购物,,6.98,CNY,,,防水
2025-01-20,支出,购物,,10.79,CNY,,,红包
2025-01-19,支出,餐饮,,33.7,CNY,,,
2025-01-19,支出,餐饮,,172.0,CNY,,,火锅
2025-01-19,支出,交通,,2.0,CNY,,,
2025-01-19,支出,交通,,35.0,CNY,,,气门嘴
2025-01-18,支出,餐饮,,59.38,CNY,,,菜
2025-01-18,支出,医疗,,55.16,CNY,,,药
2025-01-18,支出,购物,,1280.0,CNY,,,做头发
2025-01-18,支出,人情,,400.0,CNY,,,看马磊哥
2025-01-17,支出,餐饮,,24.8,CNY,,,
2025-01-17,支出,餐饮,,7.5,CNY,,,
2025-01-17,支出,交通,,28.19,CNY,,,打车
2025-01-17,支出,通讯,,10.0,CNY,,,
2025-01-16,支出,餐饮,,25.0,CNY,,,
2025-01-16,支出,购物,,735.73,CNY,,,羽绒服
2025-01-16,支出,购物,,34.75,CNY,,,精油
2025-01-16,支出,购物,,558.0,CNY,,,羽绒服
2025-01-16,支出,购物,,72.84,CNY,,,棉鞋
2025-01-16,支出,购物,,23.84,CNY,,,腮红
2025-01-16,支出,购物,,15.59,CNY,,,眉笔
2025-01-16,支出,购物,,49.25,CNY,,,衬衫
2025-01-16,支出,购物,,134.15,CNY,,,长靴
2025-01-16,支出,购物,,27.86,CNY,,,表带
2025-01-16,支出,购物,,41.03,CNY,,,睫毛打底
2025-01-16,支出,购物,,79.04,CNY,,,秋衣秋裤
2025-01-16,支出,购物,,39.42,CNY,,,素颜霜
2025-01-16,支出,购物,,57.32,CNY,,,连衣裙
2025-01-16,支出,购物,,350.0,CNY,,,鞋
2025-01-16,支出,餐饮,,12.1,CNY,,,
2025-01-15,支出,餐饮,,25.0,CNY,,,
2025-01-15,支出,餐饮,,21.8,CNY,,,
2025-01-15,支出,餐饮,,22.39,CNY,,,
2025-01-14,支出,餐饮,,21.4,CNY,,,
2025-01-14,支出,餐饮,,15.0,CNY,,,
2025-01-14,支出,餐饮,,15.5,CNY,,,
2025-01-13,支出,交通,,134.0,CNY,,,高铁
2025-01-13,支出,餐饮,,155.0,CNY,,,大鹅
2025-01-12,支出,交通,,70.0,CNY,,,打车
2025-01-12,支出,餐饮,,14.5,CNY,,,
2025-01-12,支出,人情,,66.6,CNY,,,盒马她
2025-01-12,支出,餐饮,,44.0,CNY,,,
2025-01-11,支出,餐饮,,15.96,CNY,,,
2025-01-11,支出,餐饮,,14.5,CNY,,,
2025-01-11,支出,零食,,24.45,CNY,,,奶茶
2025-01-11,支出,餐饮,,24.15,CNY,,,
2025-01-11,支出,交通,,8.0,CNY,,,地铁
2025-01-11,支出,零食,,8.0,CNY,,,糖葫芦
2025-01-11,支出,交通,,10.0,CNY,,,杭州地铁
2025-01-11,支出,娱乐,,100.0,CNY,,,西湖坐船
2025-01-11,支出,餐饮,,51.8,CNY,,,
2025-01-11,支出,餐饮,,33.7,CNY,,,
2025-01-10,支出,餐饮,,14.5,CNY,,,
2025-01-10,支出,餐饮,,15.0,CNY,,,
2025-01-10,支出,餐饮,,19.35,CNY,,,
2025-01-10,支出,餐饮,,19.3,CNY,,,
2025-01-10,支出,人情,,82.22,CNY,,,气垫她
2025-01-10,支出,餐饮,,25.0,CNY,,,
2025-01-10,支出,零食,,35.8,CNY,,,面包
2025-01-10,支出,交通,,10.49,CNY,,,打车
2025-01-10,支出,零食,,78.0,CNY,,,面包
2025-01-10,支出,零食,,36.0,CNY,,,奶茶
2025-01-08,支出,住房,,5850.0,CNY,,,房租
2025-01-08,支出,餐饮,,89.0,CNY,,,
2025-01-07,支出,餐饮,,101.72,CNY,,,
2025-01-07,支出,人情,,567.0,CNY,,,梦琪衣服
2025-01-07,支出,购物,,124.29,CNY,,,毛衣
2025-01-07,支出,购物,,62.15,CNY,,,裤子
2025-01-07,支出,人情,,1000.59,CNY,,,坚果
2025-01-07,支出,人情,,535.51,CNY,,,酸奶
2025-01-07,支出,餐饮,,25.0,CNY,,,
2025-01-06,支出,餐饮,,19.25,CNY,,,
2025-01-06,支出,餐饮,,26.7,CNY,,,
2025-01-06,支出,餐饮,,51.1,CNY,,,
2025-01-06,支出,交通,,166.0,CNY,,,高铁
2025-01-06,支出,医疗,,239.61,CNY,,,药
2025-01-05,支出,汽车,,346.99,CNY,,,高速费
2025-01-05,支出,汽车,,220.0,CNY,,,油
2025-01-05,支出,购物,,17.0,CNY,,,烟服务区
2025-01-05,支出,购物,,20.0,CNY,,,烧纸
2025-01-04,支出,餐饮,,20.0,CNY,,,
2025-01-03,支出,餐饮,,60.0,CNY,,,聚餐
2025-01-03,支出,交通,,4.0,CNY,,,地铁
2025-01-03,支出,餐饮,,19.38,CNY,,,
2025-01-02,支出,餐饮,,100.0,CNY,,,
2025-01-01,支出,餐饮,,35.6,CNY,,,
2025-01-01,支出,餐饮,,23.5,CNY,,,
2025-01-01,支出,餐饮,,25.0,CNY,,,
2024-12-31,支出,餐饮,,43.6,CNY,,,
2024-12-30,支出,餐饮,,93.0,CNY,,,
2024-12-30,支出,人情,,200.0,CNY,,,梦琪
2024-12-30,支出,餐饮,,35.0,CNY,,,
2024-12-29,支出,餐饮,,107.84,CNY,,,
2024-12-29,支出,交通,,25.0,CNY,,,高速
2024-12-29,支出,餐饮,,23.38,CNY,,,
2024-12-29,支出,餐饮,,20.5,CNY,,,
2024-12-28,支出,交通,,20.0,CNY,,,停车
2024-12-28,支出,人情,,64.5,CNY,,,水果
2024-12-28,支出,餐饮,,153.0,CNY,,,
2024-12-28,支出,娱乐,,100.0,CNY,,,彩票
2024-12-28,支出,娱乐,,300.0,CNY,,,夹娃娃
2024-12-28,支出,零食,,25.0,CNY,,,柠檬茶
2024-12-28,支出,交通,,420.0,CNY,,,停车
2024-12-28,支出,餐饮,,19.0,CNY,,,
2024-12-28,支出,餐饮,,23.0,CNY,,,
2024-12-27,支出,交通,,2.0,CNY,,,
2024-12-27,支出,人情,,269.0,CNY,,,银手镯
2024-12-26,支出,餐饮,,14.9,CNY,,,
2024-12-25,支出,餐饮,,53.62,CNY,,,
2024-12-23,支出,购物,,19.9,CNY,,,柿饼
2024-12-23,支出,住房,,9.8,CNY,,,灯
2024-12-23,支出,餐饮,,98.0,CNY,,,
2024-12-23,支出,零食,,116.1,CNY,,,奶茶
2024-12-23,支出,零食,,50.0,CNY,,,
2024-12-22,支出,餐饮,,21.6,CNY,,,
2024-12-21,支出,通讯,,5.0,CNY,,,
2024-12-21,支出,餐饮,,18.5,CNY,,,
2024-12-21,支出,餐饮,,17.1,CNY,,,
2024-12-20,支出,交通,,11.5,CNY,,,打车
2024-12-20,支出,交通,,28.7,CNY,,,打车
2024-12-20,支出,餐饮,,298.0,CNY,,,吃饭
2024-12-20,支出,餐饮,,8.0,CNY,,,
2024-12-19,支出,餐饮,,15.0,CNY,,,
2024-12-19,支出,餐饮,,12.0,CNY,,,
2024-12-19,支出,餐饮,,22.0,CNY,,,
2024-12-19,支出,餐饮,,19.5,CNY,,,
2024-12-18,支出,餐饮,,29.8,CNY,,,
2024-12-18,支出,交通,,2.0,CNY,,,
2024-12-18,支出,餐饮,,24.0,CNY,,,
2024-12-18,支出,餐饮,,13.0,CNY,,,
2024-12-18,支出,餐饮,,4.0,CNY,,,
2024-12-17,支出,餐饮,,13.0,CNY,,,
2024-12-16,支出,餐饮,,13.0,CNY,,,
2024-12-15,支出,人情,,2040.0,CNY,,,她手机
2024-12-15,支出,交通,,10.0,CNY,,,
2024-12-15,支出,餐饮,,18.48,CNY,,,
2024-12-15,支出,餐饮,,18.38,CNY,,,
2024-12-14,支出,买菜,,60.0,CNY,,,
2024-12-14,支出,人情,,73.0,CNY,,,朱迟生日
2024-12-14,支出,餐饮,,22.9,CNY,,,
2024-12-14,支出,零食,,46.5,CNY,,,
2024-12-14,支出,餐饮,,15.5,CNY,,,
2024-12-13,支出,餐饮,,25.5,CNY,,,
2024-12-13,支出,餐饮,,13.0,CNY,,,
2024-12-12,支出,餐饮,,34.6,CNY,,,
2024-12-12,支出,住房,,71.61,CNY,,,水费
2024-12-12,支出,餐饮,,48.0,CNY,,,
2024-12-12,支出,餐饮,,13.0,CNY,,,
2024-12-11,支出,餐饮,,13.0,CNY,,,
2024-12-10,支出,餐饮,,4.0,CNY,,,
2024-12-10,支出,餐饮,,13.0,CNY,,,
2024-12-09,支出,零食,,12.0,CNY,,,面包
2024-12-09,支出,餐饮,,15.0,CNY,,,
2024-12-08,支出,交通,,27.5,CNY,,,雨衣
2024-12-07,支出,餐饮,,24.0,CNY,,,
2024-12-07,支出,零食,,3.0,CNY,,,烤肠
2024-12-07,支出,交通,,5.7,CNY,,,
2024-12-07,支出,交通,,10.0,CNY,,,地铁
2024-12-07,支出,交通,,6.0,CNY,,,地铁
2024-12-06,支出,餐饮,,7.5,CNY,,,
2024-12-05,支出,餐饮,,30.0,CNY,,,
2024-12-04,支出,餐饮,,12.5,CNY,,,
2024-12-04,支出,买菜,,19.0,CNY,,,凉菜
2024-12-04,支出,购物,,10.5,CNY,,,饮料
2024-12-04,支出,购物,,28.0,CNY,,,烟
2024-12-04,支出,买菜,,15.0,CNY,,,饮料
2024-12-04,支出,买菜,,107.3,CNY,,,百岁鱼
2024-12-04,支出,买菜,,110.7,CNY,,,
2024-12-02,支出,买菜,,45.0,CNY,,,菜
2024-12-02,支出,餐饮,,8.5,CNY,,,
2024-12-02,支出,餐饮,,13.0,CNY,,,
2024-12-01,支出,住房,,224.71,CNY,,,电费
2024-12-01,支出,住房,,49.93,CNY,,,燃气
2024-12-01,支出,通讯,,6.0,CNY,,,话费
2024-12-01,支出,购物,,5.0,CNY,,,暖宝宝贴
2024-12-01,支出,零食,,22.9,CNY,,,奶茶
2024-12-01,支出,餐饮,,19.48,CNY,,,
2024-12-01,支出,餐饮,,24.0,CNY,,,
2024-12-01,支出,买菜,,39.83,CNY,,,菜
2024-12-01,支出,通讯,,36.0,CNY,,,话费
2024-12-01,支出,住房,,1.0,CNY,,,燃气